	Actual Load
2022-08-01 00:00:00+02:00	5060.0
2022-08-01 00:15:00+02:00	4992.0
2022-08-01 00:30:00+02:00	4860.0
2022-08-01 00:45:00+02:00	4766.0
2022-08-01 01:00:00+02:00	4784.0
2022-08-01 01:15:00+02:00	4718.0
2022-08-01 01:30:00+02:00	4669.0
2022-08-01 01:45:00+02:00	4623.0
2022-08-01 02:00:00+02:00	4689.0
2022-08-01 02:15:00+02:00	4646.0
2022-08-01 02:30:00+02:00	4631.0
2022-08-01 02:45:00+02:00	4581.0
2022-08-01 03:00:00+02:00	4572.0
2022-08-01 03:15:00+02:00	4555.0
2022-08-01 03:30:00+02:00	4552.0
2022-08-01 03:45:00+02:00	4560.0
2022-08-01 04:00:00+02:00	4634.0
2022-08-01 04:15:00+02:00	4658.0
2022-08-01 04:30:00+02:00	4754.0
2022-08-01 04:45:00+02:00	4823.0
2022-08-01 05:00:00+02:00	5030.0
2022-08-01 05:15:00+02:00	5165.0
2022-08-01 05:30:00+02:00	5305.0
2022-08-01 05:45:00+02:00	5479.0
2022-08-01 06:00:00+02:00	5807.0
2022-08-01 06:15:00+02:00	5990.0
2022-08-01 06:30:00+02:00	6157.0
2022-08-01 06:45:00+02:00	6318.0
2022-08-01 07:00:00+02:00	6545.0
2022-08-01 07:15:00+02:00	6668.0
2022-08-01 07:30:00+02:00	6806.0
2022-08-01 07:45:00+02:00	6926.0
2022-08-01 08:00:00+02:00	7074.0
2022-08-01 08:15:00+02:00	7150.0
2022-08-01 08:30:00+02:00	7212.0
2022-08-01 08:45:00+02:00	7246.0
2022-08-01 09:00:00+02:00	7284.0
2022-08-01 09:15:00+02:00	7354.0
2022-08-01 09:30:00+02:00	7368.0
2022-08-01 09:45:00+02:00	7380.0
2022-08-01 10:00:00+02:00	7389.0
2022-08-01 10:15:00+02:00	7383.0
2022-08-01 10:30:00+02:00	7428.0
2022-08-01 10:45:00+02:00	7416.0
2022-08-01 11:00:00+02:00	7415.0
2022-08-01 11:15:00+02:00	7446.0
2022-08-01 11:30:00+02:00	7484.0
2022-08-01 11:45:00+02:00	7440.0
2022-08-01 12:00:00+02:00	7424.0
2022-08-01 12:15:00+02:00	7311.0
2022-08-01 12:30:00+02:00	7289.0
2022-08-01 12:45:00+02:00	7283.0
2022-08-01 13:00:00+02:00	7376.0
2022-08-01 13:15:00+02:00	7378.0
2022-08-01 13:30:00+02:00	7336.0
2022-08-01 13:45:00+02:00	7316.0
2022-08-01 14:00:00+02:00	7335.0
2022-08-01 14:15:00+02:00	7325.0
2022-08-01 14:30:00+02:00	7337.0
2022-08-01 14:45:00+02:00	7298.0
2022-08-01 15:00:00+02:00	7315.0
2022-08-01 15:15:00+02:00	7252.0
2022-08-01 15:30:00+02:00	7188.0
2022-08-01 15:45:00+02:00	7164.0
2022-08-01 16:00:00+02:00	7156.0
2022-08-01 16:15:00+02:00	7126.0
2022-08-01 16:30:00+02:00	7092.0
2022-08-01 16:45:00+02:00	7066.0
2022-08-01 17:00:00+02:00	7082.0
2022-08-01 17:15:00+02:00	7086.0
2022-08-01 17:30:00+02:00	7089.0
2022-08-01 17:45:00+02:00	7092.0
2022-08-01 18:00:00+02:00	7066.0
2022-08-01 18:15:00+02:00	7014.0
2022-08-01 18:30:00+02:00	7024.0
2022-08-01 18:45:00+02:00	7025.0
2022-08-01 19:00:00+02:00	6954.0
2022-08-01 19:15:00+02:00	6925.0
2022-08-01 19:30:00+02:00	6854.0
2022-08-01 19:45:00+02:00	6803.0
2022-08-01 20:00:00+02:00	6801.0
2022-08-01 20:15:00+02:00	6746.0
2022-08-01 20:30:00+02:00	6701.0
2022-08-01 20:45:00+02:00	6690.0
2022-08-01 21:00:00+02:00	6620.0
2022-08-01 21:15:00+02:00	6506.0
2022-08-01 21:30:00+02:00	6388.0
2022-08-01 21:45:00+02:00	6262.0
2022-08-01 22:00:00+02:00	6333.0
2022-08-01 22:15:00+02:00	6196.0
2022-08-01 22:30:00+02:00	6042.0
2022-08-01 22:45:00+02:00	5892.0
2022-08-01 23:00:00+02:00	5766.0
2022-08-01 23:15:00+02:00	5642.0
2022-08-01 23:30:00+02:00	5516.0
2022-08-01 23:45:00+02:00	5414.0
2022-08-02 00:00:00+02:00	5456.0
2022-08-02 00:15:00+02:00	5368.0
2022-08-02 00:30:00+02:00	5232.0
2022-08-02 00:45:00+02:00	5157.0
2022-08-02 01:00:00+02:00	5146.0
2022-08-02 01:15:00+02:00	5082.0
2022-08-02 01:30:00+02:00	5041.0
2022-08-02 01:45:00+02:00	4993.0
2022-08-02 02:00:00+02:00	5038.0
2022-08-02 02:15:00+02:00	5011.0
2022-08-02 02:30:00+02:00	4968.0
2022-08-02 02:45:00+02:00	4931.0
2022-08-02 03:00:00+02:00	4927.0
2022-08-02 03:15:00+02:00	4898.0
2022-08-02 03:30:00+02:00	4868.0
2022-08-02 03:45:00+02:00	4854.0
2022-08-02 04:00:00+02:00	4919.0
2022-08-02 04:15:00+02:00	4958.0
2022-08-02 04:30:00+02:00	4986.0
2022-08-02 04:45:00+02:00	5055.0
2022-08-02 05:00:00+02:00	5256.0
2022-08-02 05:15:00+02:00	5387.0
2022-08-02 05:30:00+02:00	5510.0
2022-08-02 05:45:00+02:00	5665.0
2022-08-02 06:00:00+02:00	5965.0
2022-08-02 06:15:00+02:00	6175.0
2022-08-02 06:30:00+02:00	6302.0
2022-08-02 06:45:00+02:00	6418.0
2022-08-02 07:00:00+02:00	6703.0
2022-08-02 07:15:00+02:00	6838.0
2022-08-02 07:30:00+02:00	6923.0
2022-08-02 07:45:00+02:00	7046.0
2022-08-02 08:00:00+02:00	7148.0
2022-08-02 08:15:00+02:00	7229.0
2022-08-02 08:30:00+02:00	7327.0
2022-08-02 08:45:00+02:00	7368.0
2022-08-02 09:00:00+02:00	7363.0
2022-08-02 09:15:00+02:00	7394.0
2022-08-02 09:30:00+02:00	7387.0
2022-08-02 09:45:00+02:00	7404.0
2022-08-02 10:00:00+02:00	7396.0
2022-08-02 10:15:00+02:00	7408.0
2022-08-02 10:30:00+02:00	7433.0
2022-08-02 10:45:00+02:00	7477.0
2022-08-02 11:00:00+02:00	7508.0
2022-08-02 11:15:00+02:00	7546.0
2022-08-02 11:30:00+02:00	7578.0
2022-08-02 11:45:00+02:00	7548.0
2022-08-02 12:00:00+02:00	7458.0
2022-08-02 12:15:00+02:00	7327.0
2022-08-02 12:30:00+02:00	7277.0
2022-08-02 12:45:00+02:00	7258.0
2022-08-02 13:00:00+02:00	7332.0
2022-08-02 13:15:00+02:00	7310.0
2022-08-02 13:30:00+02:00	7272.0
2022-08-02 13:45:00+02:00	7204.0
2022-08-02 14:00:00+02:00	7163.0
2022-08-02 14:15:00+02:00	7133.0
2022-08-02 14:30:00+02:00	7134.0
2022-08-02 14:45:00+02:00	7107.0
2022-08-02 15:00:00+02:00	7087.0
2022-08-02 15:15:00+02:00	7066.0
2022-08-02 15:30:00+02:00	6999.0
2022-08-02 15:45:00+02:00	7006.0
2022-08-02 16:00:00+02:00	6964.0
2022-08-02 16:15:00+02:00	6948.0
2022-08-02 16:30:00+02:00	6933.0
2022-08-02 16:45:00+02:00	6919.0
2022-08-02 17:00:00+02:00	6875.0
2022-08-02 17:15:00+02:00	6901.0
2022-08-02 17:30:00+02:00	6934.0
2022-08-02 17:45:00+02:00	6951.0
2022-08-02 18:00:00+02:00	6935.0
2022-08-02 18:15:00+02:00	6957.0
2022-08-02 18:30:00+02:00	6949.0
2022-08-02 18:45:00+02:00	6952.0
2022-08-02 19:00:00+02:00	6896.0
2022-08-02 19:15:00+02:00	6820.0
2022-08-02 19:30:00+02:00	6800.0
2022-08-02 19:45:00+02:00	6747.0
2022-08-02 20:00:00+02:00	6681.0
2022-08-02 20:15:00+02:00	6635.0
2022-08-02 20:30:00+02:00	6621.0
2022-08-02 20:45:00+02:00	6622.0
2022-08-02 21:00:00+02:00	6522.0
2022-08-02 21:15:00+02:00	6395.0
2022-08-02 21:30:00+02:00	6341.0
2022-08-02 21:45:00+02:00	6239.0
2022-08-02 22:00:00+02:00	6285.0
2022-08-02 22:15:00+02:00	6187.0
2022-08-02 22:30:00+02:00	5993.0
2022-08-02 22:45:00+02:00	5899.0
2022-08-02 23:00:00+02:00	5745.0
2022-08-02 23:15:00+02:00	5600.0
2022-08-02 23:30:00+02:00	5496.0
2022-08-02 23:45:00+02:00	5430.0
2022-08-03 00:00:00+02:00	5442.0
2022-08-03 00:15:00+02:00	5354.0
2022-08-03 00:30:00+02:00	5260.0
2022-08-03 00:45:00+02:00	5116.0
2022-08-03 01:00:00+02:00	5133.0
2022-08-03 01:15:00+02:00	5067.0
2022-08-03 01:30:00+02:00	4994.0
2022-08-03 01:45:00+02:00	4965.0
2022-08-03 02:00:00+02:00	5008.0
2022-08-03 02:15:00+02:00	4979.0
2022-08-03 02:30:00+02:00	4906.0
2022-08-03 02:45:00+02:00	4857.0
2022-08-03 03:00:00+02:00	4869.0
2022-08-03 03:15:00+02:00	4826.0
2022-08-03 03:30:00+02:00	4827.0
2022-08-03 03:45:00+02:00	4823.0
2022-08-03 04:00:00+02:00	4894.0
2022-08-03 04:15:00+02:00	4926.0
2022-08-03 04:30:00+02:00	4980.0
2022-08-03 04:45:00+02:00	5056.0
2022-08-03 05:00:00+02:00	5225.0
2022-08-03 05:15:00+02:00	5336.0
2022-08-03 05:30:00+02:00	5444.0
2022-08-03 05:45:00+02:00	5611.0
2022-08-03 06:00:00+02:00	5955.0
2022-08-03 06:15:00+02:00	6118.0
2022-08-03 06:30:00+02:00	6226.0
2022-08-03 06:45:00+02:00	6328.0
2022-08-03 07:00:00+02:00	6516.0
2022-08-03 07:15:00+02:00	6645.0
2022-08-03 07:30:00+02:00	6725.0
2022-08-03 07:45:00+02:00	6880.0
2022-08-03 08:00:00+02:00	6982.0
2022-08-03 08:15:00+02:00	7023.0
2022-08-03 08:30:00+02:00	7087.0
2022-08-03 08:45:00+02:00	7107.0
2022-08-03 09:00:00+02:00	7115.0
2022-08-03 09:15:00+02:00	7163.0
2022-08-03 09:30:00+02:00	7216.0
2022-08-03 09:45:00+02:00	7240.0
2022-08-03 10:00:00+02:00	7262.0
2022-08-03 10:15:00+02:00	7278.0
2022-08-03 10:30:00+02:00	7321.0
2022-08-03 10:45:00+02:00	7354.0
2022-08-03 11:00:00+02:00	7373.0
2022-08-03 11:15:00+02:00	7397.0
2022-08-03 11:30:00+02:00	7401.0
2022-08-03 11:45:00+02:00	7381.0
2022-08-03 12:00:00+02:00	7305.0
2022-08-03 12:15:00+02:00	7218.0
2022-08-03 12:30:00+02:00	7185.0
2022-08-03 12:45:00+02:00	7164.0
2022-08-03 13:00:00+02:00	7202.0
2022-08-03 13:15:00+02:00	7150.0
2022-08-03 13:30:00+02:00	7111.0
2022-08-03 13:45:00+02:00	7050.0
2022-08-03 14:00:00+02:00	7036.0
2022-08-03 14:15:00+02:00	7045.0
2022-08-03 14:30:00+02:00	7048.0
2022-08-03 14:45:00+02:00	7004.0
2022-08-03 15:00:00+02:00	6997.0
2022-08-03 15:15:00+02:00	6935.0
2022-08-03 15:30:00+02:00	6945.0
2022-08-03 15:45:00+02:00	7011.0
2022-08-03 16:00:00+02:00	6989.0
2022-08-03 16:15:00+02:00	6958.0
2022-08-03 16:30:00+02:00	6969.0
2022-08-03 16:45:00+02:00	6927.0
2022-08-03 17:00:00+02:00	6968.0
2022-08-03 17:15:00+02:00	6956.0
2022-08-03 17:30:00+02:00	7085.0
2022-08-03 17:45:00+02:00	7138.0
2022-08-03 18:00:00+02:00	7138.0
2022-08-03 18:15:00+02:00	7132.0
2022-08-03 18:30:00+02:00	7176.0
2022-08-03 18:45:00+02:00	7169.0
2022-08-03 19:00:00+02:00	7136.0
2022-08-03 19:15:00+02:00	7092.0
2022-08-03 19:30:00+02:00	7074.0
2022-08-03 19:45:00+02:00	7016.0
2022-08-03 20:00:00+02:00	6919.0
2022-08-03 20:15:00+02:00	6852.0
2022-08-03 20:30:00+02:00	6833.0
2022-08-03 20:45:00+02:00	6798.0
2022-08-03 21:00:00+02:00	6778.0
2022-08-03 21:15:00+02:00	6692.0
2022-08-03 21:30:00+02:00	6557.0
2022-08-03 21:45:00+02:00	6432.0
2022-08-03 22:00:00+02:00	6509.0
2022-08-03 22:15:00+02:00	6427.0
2022-08-03 22:30:00+02:00	6251.0
2022-08-03 22:45:00+02:00	6085.0
2022-08-03 23:00:00+02:00	5933.0
2022-08-03 23:15:00+02:00	5747.0
2022-08-03 23:30:00+02:00	5637.0
2022-08-03 23:45:00+02:00	5559.0
2022-08-04 00:00:00+02:00	5540.0
2022-08-04 00:15:00+02:00	5437.0
2022-08-04 00:30:00+02:00	5341.0
2022-08-04 00:45:00+02:00	5185.0
2022-08-04 01:00:00+02:00	5167.0
2022-08-04 01:15:00+02:00	5111.0
2022-08-04 01:30:00+02:00	5058.0
2022-08-04 01:45:00+02:00	4964.0
2022-08-04 02:00:00+02:00	5062.0
2022-08-04 02:15:00+02:00	5017.0
2022-08-04 02:30:00+02:00	4948.0
2022-08-04 02:45:00+02:00	4921.0
2022-08-04 03:00:00+02:00	4920.0
2022-08-04 03:15:00+02:00	4914.0
2022-08-04 03:30:00+02:00	4885.0
2022-08-04 03:45:00+02:00	4886.0
2022-08-04 04:00:00+02:00	4891.0
2022-08-04 04:15:00+02:00	4928.0
2022-08-04 04:30:00+02:00	5004.0
2022-08-04 04:45:00+02:00	5063.0
2022-08-04 05:00:00+02:00	5252.0
2022-08-04 05:15:00+02:00	5362.0
2022-08-04 05:30:00+02:00	5487.0
2022-08-04 05:45:00+02:00	5647.0
2022-08-04 06:00:00+02:00	6003.0
2022-08-04 06:15:00+02:00	6196.0
2022-08-04 06:30:00+02:00	6340.0
2022-08-04 06:45:00+02:00	6402.0
2022-08-04 07:00:00+02:00	6613.0
2022-08-04 07:15:00+02:00	6781.0
2022-08-04 07:30:00+02:00	6878.0
2022-08-04 07:45:00+02:00	6966.0
2022-08-04 08:00:00+02:00	7072.0
2022-08-04 08:15:00+02:00	7116.0
2022-08-04 08:30:00+02:00	7183.0
2022-08-04 08:45:00+02:00	7203.0
2022-08-04 09:00:00+02:00	7260.0
2022-08-04 09:15:00+02:00	7270.0
2022-08-04 09:30:00+02:00	7288.0
2022-08-04 09:45:00+02:00	7338.0
2022-08-04 10:00:00+02:00	7279.0
2022-08-04 10:15:00+02:00	7298.0
2022-08-04 10:30:00+02:00	7311.0
2022-08-04 10:45:00+02:00	7341.0
2022-08-04 11:00:00+02:00	7368.0
2022-08-04 11:15:00+02:00	7433.0
2022-08-04 11:30:00+02:00	7440.0
2022-08-04 11:45:00+02:00	7381.0
2022-08-04 12:00:00+02:00	7302.0
2022-08-04 12:15:00+02:00	7220.0
2022-08-04 12:30:00+02:00	7197.0
2022-08-04 12:45:00+02:00	7151.0
2022-08-04 13:00:00+02:00	7186.0
2022-08-04 13:15:00+02:00	7186.0
2022-08-04 13:30:00+02:00	7122.0
2022-08-04 13:45:00+02:00	7082.0
2022-08-04 14:00:00+02:00	7089.0
2022-08-04 14:15:00+02:00	7045.0
2022-08-04 14:30:00+02:00	7063.0
2022-08-04 14:45:00+02:00	7031.0
2022-08-04 15:00:00+02:00	6996.0
2022-08-04 15:15:00+02:00	7004.0
2022-08-04 15:30:00+02:00	6972.0
2022-08-04 15:45:00+02:00	7015.0
2022-08-04 16:00:00+02:00	7020.0
2022-08-04 16:15:00+02:00	7010.0
2022-08-04 16:30:00+02:00	7041.0
2022-08-04 16:45:00+02:00	7109.0
2022-08-04 17:00:00+02:00	7125.0
2022-08-04 17:15:00+02:00	7144.0
2022-08-04 17:30:00+02:00	7222.0
2022-08-04 17:45:00+02:00	7217.0
2022-08-04 18:00:00+02:00	7135.0
2022-08-04 18:15:00+02:00	7184.0
2022-08-04 18:30:00+02:00	7199.0
2022-08-04 18:45:00+02:00	7207.0
2022-08-04 19:00:00+02:00	7212.0
2022-08-04 19:15:00+02:00	7160.0
2022-08-04 19:30:00+02:00	7115.0
2022-08-04 19:45:00+02:00	7062.0
2022-08-04 20:00:00+02:00	6975.0
2022-08-04 20:15:00+02:00	6888.0
2022-08-04 20:30:00+02:00	6846.0
2022-08-04 20:45:00+02:00	6819.0
2022-08-04 21:00:00+02:00	6748.0
2022-08-04 21:15:00+02:00	6655.0
2022-08-04 21:30:00+02:00	6593.0
2022-08-04 21:45:00+02:00	6450.0
2022-08-04 22:00:00+02:00	6458.0
2022-08-04 22:15:00+02:00	6348.0
2022-08-04 22:30:00+02:00	6223.0
2022-08-04 22:45:00+02:00	6070.0
2022-08-04 23:00:00+02:00	5938.0
2022-08-04 23:15:00+02:00	5782.0
2022-08-04 23:30:00+02:00	5694.0
2022-08-04 23:45:00+02:00	5603.0
2022-08-05 00:00:00+02:00	5642.0
2022-08-05 00:15:00+02:00	5516.0
2022-08-05 00:30:00+02:00	5378.0
2022-08-05 00:45:00+02:00	5285.0
2022-08-05 01:00:00+02:00	5253.0
2022-08-05 01:15:00+02:00	5215.0
2022-08-05 01:30:00+02:00	5166.0
2022-08-05 01:45:00+02:00	5097.0
2022-08-05 02:00:00+02:00	5170.0
2022-08-05 02:15:00+02:00	5111.0
2022-08-05 02:30:00+02:00	5037.0
2022-08-05 02:45:00+02:00	4977.0
2022-08-05 03:00:00+02:00	4962.0
2022-08-05 03:15:00+02:00	4946.0
2022-08-05 03:30:00+02:00	4938.0
2022-08-05 03:45:00+02:00	4939.0
2022-08-05 04:00:00+02:00	5007.0
2022-08-05 04:15:00+02:00	5004.0
2022-08-05 04:30:00+02:00	5070.0
2022-08-05 04:45:00+02:00	5123.0
2022-08-05 05:00:00+02:00	5305.0
2022-08-05 05:15:00+02:00	5415.0
2022-08-05 05:30:00+02:00	5483.0
2022-08-05 05:45:00+02:00	5664.0
2022-08-05 06:00:00+02:00	6020.0
2022-08-05 06:15:00+02:00	6201.0
2022-08-05 06:30:00+02:00	6336.0
2022-08-05 06:45:00+02:00	6477.0
2022-08-05 07:00:00+02:00	6665.0
2022-08-05 07:15:00+02:00	6802.0
2022-08-05 07:30:00+02:00	6920.0
2022-08-05 07:45:00+02:00	7024.0
2022-08-05 08:00:00+02:00	7157.0
2022-08-05 08:15:00+02:00	7224.0
2022-08-05 08:30:00+02:00	7288.0
2022-08-05 08:45:00+02:00	7345.0
2022-08-05 09:00:00+02:00	7367.0
2022-08-05 09:15:00+02:00	7360.0
2022-08-05 09:30:00+02:00	7409.0
2022-08-05 09:45:00+02:00	7438.0
2022-08-05 10:00:00+02:00	7437.0
2022-08-05 10:15:00+02:00	7470.0
2022-08-05 10:30:00+02:00	7452.0
2022-08-05 10:45:00+02:00	7451.0
2022-08-05 11:00:00+02:00	7514.0
2022-08-05 11:15:00+02:00	7514.0
2022-08-05 11:30:00+02:00	7522.0
2022-08-05 11:45:00+02:00	7505.0
2022-08-05 12:00:00+02:00	7390.0
2022-08-05 12:15:00+02:00	7308.0
2022-08-05 12:30:00+02:00	7282.0
2022-08-05 12:45:00+02:00	7268.0
2022-08-05 13:00:00+02:00	7306.0
2022-08-05 13:15:00+02:00	7236.0
2022-08-05 13:30:00+02:00	7196.0
2022-08-05 13:45:00+02:00	7096.0
2022-08-05 14:00:00+02:00	7064.0
2022-08-05 14:15:00+02:00	7089.0
2022-08-05 14:30:00+02:00	7052.0
2022-08-05 14:45:00+02:00	7039.0
2022-08-05 15:00:00+02:00	7052.0
2022-08-05 15:15:00+02:00	7022.0
2022-08-05 15:30:00+02:00	7076.0
2022-08-05 15:45:00+02:00	7110.0
2022-08-05 16:00:00+02:00	7182.0
2022-08-05 16:15:00+02:00	7221.0
2022-08-05 16:30:00+02:00	7259.0
2022-08-05 16:45:00+02:00	7325.0
2022-08-05 17:00:00+02:00	7393.0
2022-08-05 17:15:00+02:00	7448.0
2022-08-05 17:30:00+02:00	7497.0
2022-08-05 17:45:00+02:00	7537.0
2022-08-05 18:00:00+02:00	7467.0
2022-08-05 18:15:00+02:00	7406.0
2022-08-05 18:30:00+02:00	7333.0
2022-08-05 18:45:00+02:00	7275.0
2022-08-05 19:00:00+02:00	7200.0
2022-08-05 19:15:00+02:00	7070.0
2022-08-05 19:30:00+02:00	6958.0
2022-08-05 19:45:00+02:00	6915.0
2022-08-05 20:00:00+02:00	6840.0
2022-08-05 20:15:00+02:00	6780.0
2022-08-05 20:30:00+02:00	6734.0
2022-08-05 20:45:00+02:00	6657.0
2022-08-05 21:00:00+02:00	6543.0
2022-08-05 21:15:00+02:00	6446.0
2022-08-05 21:30:00+02:00	6359.0
2022-08-05 21:45:00+02:00	6247.0
2022-08-05 22:00:00+02:00	6282.0
2022-08-05 22:15:00+02:00	6216.0
2022-08-05 22:30:00+02:00	6009.0
2022-08-05 22:45:00+02:00	5883.0
2022-08-05 23:00:00+02:00	5801.0
2022-08-05 23:15:00+02:00	5654.0
2022-08-05 23:30:00+02:00	5570.0
2022-08-05 23:45:00+02:00	5524.0
2022-08-06 00:00:00+02:00	5530.0
2022-08-06 00:15:00+02:00	5443.0
2022-08-06 00:30:00+02:00	5371.0
2022-08-06 00:45:00+02:00	5272.0
2022-08-06 01:00:00+02:00	5208.0
2022-08-06 01:15:00+02:00	5157.0
2022-08-06 01:30:00+02:00	5099.0
2022-08-06 01:45:00+02:00	5006.0
2022-08-06 02:00:00+02:00	5050.0
2022-08-06 02:15:00+02:00	4996.0
2022-08-06 02:30:00+02:00	4927.0
2022-08-06 02:45:00+02:00	4892.0
2022-08-06 03:00:00+02:00	4894.0
2022-08-06 03:15:00+02:00	4868.0
2022-08-06 03:30:00+02:00	4850.0
2022-08-06 03:45:00+02:00	4861.0
2022-08-06 04:00:00+02:00	4942.0
2022-08-06 04:15:00+02:00	4925.0
2022-08-06 04:30:00+02:00	4949.0
2022-08-06 04:45:00+02:00	4996.0
2022-08-06 05:00:00+02:00	5053.0
2022-08-06 05:15:00+02:00	5091.0
2022-08-06 05:30:00+02:00	5126.0
2022-08-06 05:45:00+02:00	5189.0
2022-08-06 06:00:00+02:00	5331.0
2022-08-06 06:15:00+02:00	5374.0
2022-08-06 06:30:00+02:00	5444.0
2022-08-06 06:45:00+02:00	5521.0
2022-08-06 07:00:00+02:00	5630.0
2022-08-06 07:15:00+02:00	5686.0
2022-08-06 07:30:00+02:00	5776.0
2022-08-06 07:45:00+02:00	5876.0
2022-08-06 08:00:00+02:00	6033.0
2022-08-06 08:15:00+02:00	6131.0
2022-08-06 08:30:00+02:00	6258.0
2022-08-06 08:45:00+02:00	6365.0
2022-08-06 09:00:00+02:00	6530.0
2022-08-06 09:15:00+02:00	6604.0
2022-08-06 09:30:00+02:00	6684.0
2022-08-06 09:45:00+02:00	6730.0
2022-08-06 10:00:00+02:00	6797.0
2022-08-06 10:15:00+02:00	6826.0
2022-08-06 10:30:00+02:00	6893.0
2022-08-06 10:45:00+02:00	6964.0
2022-08-06 11:00:00+02:00	7044.0
2022-08-06 11:15:00+02:00	7084.0
2022-08-06 11:30:00+02:00	7115.0
2022-08-06 11:45:00+02:00	7098.0
2022-08-06 12:00:00+02:00	7015.0
2022-08-06 12:15:00+02:00	6917.0
2022-08-06 12:30:00+02:00	6839.0
2022-08-06 12:45:00+02:00	6771.0
2022-08-06 13:00:00+02:00	6737.0
2022-08-06 13:15:00+02:00	6672.0
2022-08-06 13:30:00+02:00	6647.0
2022-08-06 13:45:00+02:00	6566.0
2022-08-06 14:00:00+02:00	6496.0
2022-08-06 14:15:00+02:00	6462.0
2022-08-06 14:30:00+02:00	6452.0
2022-08-06 14:45:00+02:00	6414.0
2022-08-06 15:00:00+02:00	6443.0
2022-08-06 15:15:00+02:00	6396.0
2022-08-06 15:30:00+02:00	6398.0
2022-08-06 15:45:00+02:00	6376.0
2022-08-06 16:00:00+02:00	6339.0
2022-08-06 16:15:00+02:00	6336.0
2022-08-06 16:30:00+02:00	6322.0
2022-08-06 16:45:00+02:00	6319.0
2022-08-06 17:00:00+02:00	6340.0
2022-08-06 17:15:00+02:00	6264.0
2022-08-06 17:30:00+02:00	6286.0
2022-08-06 17:45:00+02:00	6296.0
2022-08-06 18:00:00+02:00	6194.0
2022-08-06 18:15:00+02:00	6100.0
2022-08-06 18:30:00+02:00	6029.0
2022-08-06 18:45:00+02:00	5990.0
2022-08-06 19:00:00+02:00	5966.0
2022-08-06 19:15:00+02:00	5920.0
2022-08-06 19:30:00+02:00	5911.0
2022-08-06 19:45:00+02:00	5862.0
2022-08-06 20:00:00+02:00	5844.0
2022-08-06 20:15:00+02:00	5796.0
2022-08-06 20:30:00+02:00	5777.0
2022-08-06 20:45:00+02:00	5727.0
2022-08-06 21:00:00+02:00	5674.0
2022-08-06 21:15:00+02:00	5566.0
2022-08-06 21:30:00+02:00	5506.0
2022-08-06 21:45:00+02:00	5445.0
2022-08-06 22:00:00+02:00	5558.0
2022-08-06 22:15:00+02:00	5493.0
2022-08-06 22:30:00+02:00	5342.0
2022-08-06 22:45:00+02:00	5234.0
2022-08-06 23:00:00+02:00	5161.0
2022-08-06 23:15:00+02:00	5043.0
2022-08-06 23:30:00+02:00	4953.0
2022-08-06 23:45:00+02:00	4887.0
2022-08-07 00:00:00+02:00	4917.0
2022-08-07 00:15:00+02:00	4811.0
2022-08-07 00:30:00+02:00	4692.0
2022-08-07 00:45:00+02:00	4623.0
2022-08-07 01:00:00+02:00	4598.0
2022-08-07 01:15:00+02:00	4509.0
2022-08-07 01:30:00+02:00	4473.0
2022-08-07 01:45:00+02:00	4451.0
2022-08-07 02:00:00+02:00	4520.0
2022-08-07 02:15:00+02:00	4478.0
2022-08-07 02:30:00+02:00	4424.0
2022-08-07 02:45:00+02:00	4387.0
2022-08-07 03:00:00+02:00	4372.0
2022-08-07 03:15:00+02:00	4320.0
2022-08-07 03:30:00+02:00	4303.0
2022-08-07 03:45:00+02:00	4292.0
2022-08-07 04:00:00+02:00	4316.0
2022-08-07 04:15:00+02:00	4328.0
2022-08-07 04:30:00+02:00	4339.0
2022-08-07 04:45:00+02:00	4342.0
2022-08-07 05:00:00+02:00	4418.0
2022-08-07 05:15:00+02:00	4454.0
2022-08-07 05:30:00+02:00	4476.0
2022-08-07 05:45:00+02:00	4516.0
2022-08-07 06:00:00+02:00	4587.0
2022-08-07 06:15:00+02:00	4630.0
2022-08-07 06:30:00+02:00	4677.0
2022-08-07 06:45:00+02:00	4734.0
2022-08-07 07:00:00+02:00	4824.0
2022-08-07 07:15:00+02:00	4880.0
2022-08-07 07:30:00+02:00	4964.0
2022-08-07 07:45:00+02:00	5025.0
2022-08-07 08:00:00+02:00	5148.0
2022-08-07 08:15:00+02:00	5228.0
2022-08-07 08:30:00+02:00	5300.0
2022-08-07 08:45:00+02:00	5384.0
2022-08-07 09:00:00+02:00	5452.0
2022-08-07 09:15:00+02:00	5516.0
2022-08-07 09:30:00+02:00	5573.0
2022-08-07 09:45:00+02:00	5615.0
2022-08-07 10:00:00+02:00	5677.0
2022-08-07 10:15:00+02:00	5776.0
2022-08-07 10:30:00+02:00	5838.0
2022-08-07 10:45:00+02:00	5863.0
2022-08-07 11:00:00+02:00	5861.0
2022-08-07 11:15:00+02:00	5888.0
2022-08-07 11:30:00+02:00	5914.0
2022-08-07 11:45:00+02:00	5846.0
2022-08-07 12:00:00+02:00	5818.0
2022-08-07 12:15:00+02:00	5728.0
2022-08-07 12:30:00+02:00	5682.0
2022-08-07 12:45:00+02:00	5617.0
2022-08-07 13:00:00+02:00	5595.0
2022-08-07 13:15:00+02:00	5546.0
2022-08-07 13:30:00+02:00	5531.0
2022-08-07 13:45:00+02:00	5473.0
2022-08-07 14:00:00+02:00	5474.0
2022-08-07 14:15:00+02:00	5436.0
2022-08-07 14:30:00+02:00	5406.0
2022-08-07 14:45:00+02:00	5382.0
2022-08-07 15:00:00+02:00	5407.0
2022-08-07 15:15:00+02:00	5408.0
2022-08-07 15:30:00+02:00	5414.0
2022-08-07 15:45:00+02:00	5434.0
2022-08-07 16:00:00+02:00	5418.0
2022-08-07 16:15:00+02:00	5423.0
2022-08-07 16:30:00+02:00	5440.0
2022-08-07 16:45:00+02:00	5482.0
2022-08-07 17:00:00+02:00	5600.0
2022-08-07 17:15:00+02:00	5620.0
2022-08-07 17:30:00+02:00	5656.0
2022-08-07 17:45:00+02:00	5706.0
2022-08-07 18:00:00+02:00	5751.0
2022-08-07 18:15:00+02:00	5756.0
2022-08-07 18:30:00+02:00	5765.0
2022-08-07 18:45:00+02:00	5752.0
2022-08-07 19:00:00+02:00	5768.0
2022-08-07 19:15:00+02:00	5766.0
2022-08-07 19:30:00+02:00	5756.0
2022-08-07 19:45:00+02:00	5752.0
2022-08-07 20:00:00+02:00	5783.0
2022-08-07 20:15:00+02:00	5769.0
2022-08-07 20:30:00+02:00	5757.0
2022-08-07 20:45:00+02:00	5717.0
2022-08-07 21:00:00+02:00	5637.0
2022-08-07 21:15:00+02:00	5564.0
2022-08-07 21:30:00+02:00	5503.0
2022-08-07 21:45:00+02:00	5437.0
2022-08-07 22:00:00+02:00	5564.0
2022-08-07 22:15:00+02:00	5508.0
2022-08-07 22:30:00+02:00	5363.0
2022-08-07 22:45:00+02:00	5269.0
2022-08-07 23:00:00+02:00	5168.0
2022-08-07 23:15:00+02:00	5100.0
2022-08-07 23:30:00+02:00	5015.0
2022-08-07 23:45:00+02:00	4974.0
2022-08-08 00:00:00+02:00	4999.0
2022-08-08 00:15:00+02:00	4950.0
2022-08-08 00:30:00+02:00	4906.0
2022-08-08 00:45:00+02:00	4808.0
2022-08-08 01:00:00+02:00	4804.0
2022-08-08 01:15:00+02:00	4758.0
2022-08-08 01:30:00+02:00	4740.0
2022-08-08 01:45:00+02:00	4669.0
2022-08-08 02:00:00+02:00	4742.0
2022-08-08 02:15:00+02:00	4694.0
2022-08-08 02:30:00+02:00	4644.0
2022-08-08 02:45:00+02:00	4592.0
2022-08-08 03:00:00+02:00	4601.0
2022-08-08 03:15:00+02:00	4592.0
2022-08-08 03:30:00+02:00	4568.0
2022-08-08 03:45:00+02:00	4614.0
2022-08-08 04:00:00+02:00	4662.0
2022-08-08 04:15:00+02:00	4666.0
2022-08-08 04:30:00+02:00	4736.0
2022-08-08 04:45:00+02:00	4838.0
2022-08-08 05:00:00+02:00	5043.0
2022-08-08 05:15:00+02:00	5190.0
2022-08-08 05:30:00+02:00	5346.0
2022-08-08 05:45:00+02:00	5501.0
2022-08-08 06:00:00+02:00	5826.0
2022-08-08 06:15:00+02:00	6016.0
2022-08-08 06:30:00+02:00	6190.0
2022-08-08 06:45:00+02:00	6345.0
2022-08-08 07:00:00+02:00	6593.0
2022-08-08 07:15:00+02:00	6728.0
2022-08-08 07:30:00+02:00	6868.0
2022-08-08 07:45:00+02:00	7000.0
2022-08-08 08:00:00+02:00	7152.0
2022-08-08 08:15:00+02:00	7265.0
2022-08-08 08:30:00+02:00	7350.0
2022-08-08 08:45:00+02:00	7357.0
2022-08-08 09:00:00+02:00	7393.0
2022-08-08 09:15:00+02:00	7491.0
2022-08-08 09:30:00+02:00	7562.0
2022-08-08 09:45:00+02:00	7623.0
2022-08-08 10:00:00+02:00	7620.0
2022-08-08 10:15:00+02:00	7675.0
2022-08-08 10:30:00+02:00	7737.0
2022-08-08 10:45:00+02:00	7687.0
2022-08-08 11:00:00+02:00	7686.0
2022-08-08 11:15:00+02:00	7740.0
2022-08-08 11:30:00+02:00	7803.0
2022-08-08 11:45:00+02:00	7732.0
2022-08-08 12:00:00+02:00	7662.0
2022-08-08 12:15:00+02:00	7580.0
2022-08-08 12:30:00+02:00	7523.0
2022-08-08 12:45:00+02:00	7466.0
2022-08-08 13:00:00+02:00	7490.0
2022-08-08 13:15:00+02:00	7406.0
2022-08-08 13:30:00+02:00	7324.0
2022-08-08 13:45:00+02:00	7273.0
2022-08-08 14:00:00+02:00	7233.0
2022-08-08 14:15:00+02:00	7206.0
2022-08-08 14:30:00+02:00	7175.0
2022-08-08 14:45:00+02:00	7129.0
2022-08-08 15:00:00+02:00	7093.0
2022-08-08 15:15:00+02:00	7100.0
2022-08-08 15:30:00+02:00	7061.0
2022-08-08 15:45:00+02:00	7038.0
2022-08-08 16:00:00+02:00	7004.0
2022-08-08 16:15:00+02:00	6984.0
2022-08-08 16:30:00+02:00	6940.0
2022-08-08 16:45:00+02:00	6948.0
2022-08-08 17:00:00+02:00	6910.0
2022-08-08 17:15:00+02:00	6934.0
2022-08-08 17:30:00+02:00	6944.0
2022-08-08 17:45:00+02:00	6971.0
2022-08-08 18:00:00+02:00	6941.0
2022-08-08 18:15:00+02:00	6918.0
2022-08-08 18:30:00+02:00	6909.0
2022-08-08 18:45:00+02:00	6878.0
2022-08-08 19:00:00+02:00	6886.0
2022-08-08 19:15:00+02:00	6824.0
2022-08-08 19:30:00+02:00	6748.0
2022-08-08 19:45:00+02:00	6712.0
2022-08-08 20:00:00+02:00	6686.0
2022-08-08 20:15:00+02:00	6635.0
2022-08-08 20:30:00+02:00	6674.0
2022-08-08 20:45:00+02:00	6635.0
2022-08-08 21:00:00+02:00	6496.0
2022-08-08 21:15:00+02:00	6384.0
2022-08-08 21:30:00+02:00	6288.0
2022-08-08 21:45:00+02:00	6165.0
2022-08-08 22:00:00+02:00	6189.0
2022-08-08 22:15:00+02:00	6088.0
2022-08-08 22:30:00+02:00	5947.0
2022-08-08 22:45:00+02:00	5776.0
2022-08-08 23:00:00+02:00	5668.0
2022-08-08 23:15:00+02:00	5562.0
2022-08-08 23:30:00+02:00	5447.0
2022-08-08 23:45:00+02:00	5365.0
2022-08-09 00:00:00+02:00	5404.0
2022-08-09 00:15:00+02:00	5308.0
2022-08-09 00:30:00+02:00	5187.0
2022-08-09 00:45:00+02:00	5085.0
2022-08-09 01:00:00+02:00	5054.0
2022-08-09 01:15:00+02:00	5024.0
2022-08-09 01:30:00+02:00	4963.0
2022-08-09 01:45:00+02:00	4928.0
2022-08-09 02:00:00+02:00	4994.0
2022-08-09 02:15:00+02:00	4932.0
2022-08-09 02:30:00+02:00	4898.0
2022-08-09 02:45:00+02:00	4829.0
2022-08-09 03:00:00+02:00	4818.0
2022-08-09 03:15:00+02:00	4807.0
2022-08-09 03:30:00+02:00	4798.0
2022-08-09 03:45:00+02:00	4812.0
2022-08-09 04:00:00+02:00	4848.0
2022-08-09 04:15:00+02:00	4902.0
2022-08-09 04:30:00+02:00	4921.0
2022-08-09 04:45:00+02:00	4994.0
2022-08-09 05:00:00+02:00	5192.0
2022-08-09 05:15:00+02:00	5320.0
2022-08-09 05:30:00+02:00	5462.0
2022-08-09 05:45:00+02:00	5592.0
2022-08-09 06:00:00+02:00	5904.0
2022-08-09 06:15:00+02:00	6136.0
2022-08-09 06:30:00+02:00	6293.0
2022-08-09 06:45:00+02:00	6418.0
2022-08-09 07:00:00+02:00	6606.0
2022-08-09 07:15:00+02:00	6700.0
2022-08-09 07:30:00+02:00	6826.0
2022-08-09 07:45:00+02:00	6903.0
2022-08-09 08:00:00+02:00	6984.0
2022-08-09 08:15:00+02:00	7043.0
2022-08-09 08:30:00+02:00	7066.0
2022-08-09 08:45:00+02:00	7072.0
2022-08-09 09:00:00+02:00	7052.0
2022-08-09 09:15:00+02:00	7109.0
2022-08-09 09:30:00+02:00	7135.0
2022-08-09 09:45:00+02:00	7132.0
2022-08-09 10:00:00+02:00	7153.0
2022-08-09 10:15:00+02:00	7183.0
2022-08-09 10:30:00+02:00	7188.0
2022-08-09 10:45:00+02:00	7229.0
2022-08-09 11:00:00+02:00	7257.0
2022-08-09 11:15:00+02:00	7300.0
2022-08-09 11:30:00+02:00	7312.0
2022-08-09 11:45:00+02:00	7254.0
2022-08-09 12:00:00+02:00	7197.0
2022-08-09 12:15:00+02:00	7100.0
2022-08-09 12:30:00+02:00	7030.0
2022-08-09 12:45:00+02:00	7017.0
2022-08-09 13:00:00+02:00	7065.0
2022-08-09 13:15:00+02:00	7005.0
2022-08-09 13:30:00+02:00	6977.0
2022-08-09 13:45:00+02:00	6944.0
2022-08-09 14:00:00+02:00	6907.0
2022-08-09 14:15:00+02:00	6896.0
2022-08-09 14:30:00+02:00	6863.0
2022-08-09 14:45:00+02:00	6878.0
2022-08-09 15:00:00+02:00	6897.0
2022-08-09 15:15:00+02:00	6866.0
2022-08-09 15:30:00+02:00	6886.0
2022-08-09 15:45:00+02:00	6862.0
2022-08-09 16:00:00+02:00	6842.0
2022-08-09 16:15:00+02:00	6855.0
2022-08-09 16:30:00+02:00	6875.0
2022-08-09 16:45:00+02:00	6847.0
2022-08-09 17:00:00+02:00	6898.0
2022-08-09 17:15:00+02:00	6924.0
2022-08-09 17:30:00+02:00	6918.0
2022-08-09 17:45:00+02:00	6958.0
2022-08-09 18:00:00+02:00	6962.0
2022-08-09 18:15:00+02:00	6952.0
2022-08-09 18:30:00+02:00	6974.0
2022-08-09 18:45:00+02:00	6969.0
2022-08-09 19:00:00+02:00	6987.0
2022-08-09 19:15:00+02:00	6974.0
2022-08-09 19:30:00+02:00	6956.0
2022-08-09 19:45:00+02:00	6914.0
2022-08-09 20:00:00+02:00	6810.0
2022-08-09 20:15:00+02:00	6782.0
2022-08-09 20:30:00+02:00	6774.0
2022-08-09 20:45:00+02:00	6748.0
2022-08-09 21:00:00+02:00	6628.0
2022-08-09 21:15:00+02:00	6497.0
2022-08-09 21:30:00+02:00	6406.0
2022-08-09 21:45:00+02:00	6281.0
2022-08-09 22:00:00+02:00	6319.0
2022-08-09 22:15:00+02:00	6222.0
2022-08-09 22:30:00+02:00	6053.0
2022-08-09 22:45:00+02:00	5895.0
2022-08-09 23:00:00+02:00	5787.0
2022-08-09 23:15:00+02:00	5666.0
2022-08-09 23:30:00+02:00	5547.0
2022-08-09 23:45:00+02:00	5454.0
2022-08-10 00:00:00+02:00	5520.0
2022-08-10 00:15:00+02:00	5409.0
2022-08-10 00:30:00+02:00	5306.0
2022-08-10 00:45:00+02:00	5155.0
2022-08-10 01:00:00+02:00	5138.0
2022-08-10 01:15:00+02:00	5135.0
2022-08-10 01:30:00+02:00	5077.0
2022-08-10 01:45:00+02:00	5005.0
2022-08-10 02:00:00+02:00	5075.0
2022-08-10 02:15:00+02:00	5024.0
2022-08-10 02:30:00+02:00	4940.0
2022-08-10 02:45:00+02:00	4923.0
2022-08-10 03:00:00+02:00	4918.0
2022-08-10 03:15:00+02:00	4834.0
2022-08-10 03:30:00+02:00	4798.0
2022-08-10 03:45:00+02:00	4816.0
2022-08-10 04:00:00+02:00	4848.0
2022-08-10 04:15:00+02:00	4892.0
2022-08-10 04:30:00+02:00	4934.0
2022-08-10 04:45:00+02:00	5019.0
2022-08-10 05:00:00+02:00	5169.0
2022-08-10 05:15:00+02:00	5288.0
2022-08-10 05:30:00+02:00	5430.0
2022-08-10 05:45:00+02:00	5565.0
2022-08-10 06:00:00+02:00	5898.0
2022-08-10 06:15:00+02:00	6126.0
2022-08-10 06:30:00+02:00	6270.0
2022-08-10 06:45:00+02:00	6388.0
2022-08-10 07:00:00+02:00	6590.0
2022-08-10 07:15:00+02:00	6701.0
2022-08-10 07:30:00+02:00	6797.0
2022-08-10 07:45:00+02:00	6875.0
2022-08-10 08:00:00+02:00	6945.0
2022-08-10 08:15:00+02:00	6998.0
2022-08-10 08:30:00+02:00	7039.0
2022-08-10 08:45:00+02:00	7051.0
2022-08-10 09:00:00+02:00	7052.0
2022-08-10 09:15:00+02:00	7089.0
2022-08-10 09:30:00+02:00	7163.0
2022-08-10 09:45:00+02:00	7164.0
2022-08-10 10:00:00+02:00	7159.0
2022-08-10 10:15:00+02:00	7167.0
2022-08-10 10:30:00+02:00	7197.0
2022-08-10 10:45:00+02:00	7192.0
2022-08-10 11:00:00+02:00	7236.0
2022-08-10 11:15:00+02:00	7268.0
2022-08-10 11:30:00+02:00	7283.0
2022-08-10 11:45:00+02:00	7265.0
2022-08-10 12:00:00+02:00	7161.0
2022-08-10 12:15:00+02:00	7096.0
2022-08-10 12:30:00+02:00	7082.0
2022-08-10 12:45:00+02:00	7045.0
2022-08-10 13:00:00+02:00	7117.0
2022-08-10 13:15:00+02:00	7060.0
2022-08-10 13:30:00+02:00	7023.0
2022-08-10 13:45:00+02:00	6987.0
2022-08-10 14:00:00+02:00	6972.0
2022-08-10 14:15:00+02:00	6954.0
2022-08-10 14:30:00+02:00	6929.0
2022-08-10 14:45:00+02:00	6910.0
2022-08-10 15:00:00+02:00	6904.0
2022-08-10 15:15:00+02:00	6891.0
2022-08-10 15:30:00+02:00	6893.0
2022-08-10 15:45:00+02:00	6901.0
2022-08-10 16:00:00+02:00	6876.0
2022-08-10 16:15:00+02:00	6882.0
2022-08-10 16:30:00+02:00	6885.0
2022-08-10 16:45:00+02:00	6916.0
2022-08-10 17:00:00+02:00	6929.0
2022-08-10 17:15:00+02:00	6989.0
2022-08-10 17:30:00+02:00	6992.0
2022-08-10 17:45:00+02:00	6978.0
2022-08-10 18:00:00+02:00	6993.0
2022-08-10 18:15:00+02:00	7016.0
2022-08-10 18:30:00+02:00	6956.0
2022-08-10 18:45:00+02:00	6994.0
2022-08-10 19:00:00+02:00	7026.0
2022-08-10 19:15:00+02:00	7002.0
2022-08-10 19:30:00+02:00	6978.0
2022-08-10 19:45:00+02:00	6894.0
2022-08-10 20:00:00+02:00	6836.0
2022-08-10 20:15:00+02:00	6768.0
2022-08-10 20:30:00+02:00	6768.0
2022-08-10 20:45:00+02:00	6753.0
2022-08-10 21:00:00+02:00	6619.0
2022-08-10 21:15:00+02:00	6530.0
2022-08-10 21:30:00+02:00	6391.0
2022-08-10 21:45:00+02:00	6271.0
2022-08-10 22:00:00+02:00	6293.0
2022-08-10 22:15:00+02:00	6223.0
2022-08-10 22:30:00+02:00	6078.0
2022-08-10 22:45:00+02:00	5947.0
2022-08-10 23:00:00+02:00	5789.0
2022-08-10 23:15:00+02:00	5660.0
2022-08-10 23:30:00+02:00	5561.0
2022-08-10 23:45:00+02:00	5466.0
2022-08-11 00:00:00+02:00	5512.0
2022-08-11 00:15:00+02:00	5410.0
2022-08-11 00:30:00+02:00	5276.0
2022-08-11 00:45:00+02:00	5185.0
2022-08-11 01:00:00+02:00	5150.0
2022-08-11 01:15:00+02:00	5037.0
2022-08-11 01:30:00+02:00	5020.0
2022-08-11 01:45:00+02:00	4968.0
2022-08-11 02:00:00+02:00	5060.0
2022-08-11 02:15:00+02:00	4998.0
2022-08-11 02:30:00+02:00	4967.0
2022-08-11 02:45:00+02:00	4866.0
2022-08-11 03:00:00+02:00	4858.0
2022-08-11 03:15:00+02:00	4835.0
2022-08-11 03:30:00+02:00	4826.0
2022-08-11 03:45:00+02:00	4806.0
2022-08-11 04:00:00+02:00	4898.0
2022-08-11 04:15:00+02:00	4905.0
2022-08-11 04:30:00+02:00	4931.0
2022-08-11 04:45:00+02:00	5048.0
2022-08-11 05:00:00+02:00	5224.0
2022-08-11 05:15:00+02:00	5329.0
2022-08-11 05:30:00+02:00	5444.0
2022-08-11 05:45:00+02:00	5621.0
2022-08-11 06:00:00+02:00	5943.0
2022-08-11 06:15:00+02:00	6176.0
2022-08-11 06:30:00+02:00	6336.0
2022-08-11 06:45:00+02:00	6494.0
2022-08-11 07:00:00+02:00	6735.0
2022-08-11 07:15:00+02:00	6889.0
2022-08-11 07:30:00+02:00	7002.0
2022-08-11 07:45:00+02:00	7098.0
2022-08-11 08:00:00+02:00	7134.0
2022-08-11 08:15:00+02:00	7195.0
2022-08-11 08:30:00+02:00	7243.0
2022-08-11 08:45:00+02:00	7225.0
2022-08-11 09:00:00+02:00	7212.0
2022-08-11 09:15:00+02:00	7212.0
2022-08-11 09:30:00+02:00	7256.0
2022-08-11 09:45:00+02:00	7272.0
2022-08-11 10:00:00+02:00	7265.0
2022-08-11 10:15:00+02:00	7279.0
2022-08-11 10:30:00+02:00	7255.0
2022-08-11 10:45:00+02:00	7281.0
2022-08-11 11:00:00+02:00	7325.0
2022-08-11 11:15:00+02:00	7382.0
2022-08-11 11:30:00+02:00	7367.0
2022-08-11 11:45:00+02:00	7373.0
2022-08-11 12:00:00+02:00	7265.0
2022-08-11 12:15:00+02:00	7164.0
2022-08-11 12:30:00+02:00	7081.0
2022-08-11 12:45:00+02:00	7069.0
2022-08-11 13:00:00+02:00	7121.0
2022-08-11 13:15:00+02:00	7070.0
2022-08-11 13:30:00+02:00	7075.0
2022-08-11 13:45:00+02:00	7026.0
2022-08-11 14:00:00+02:00	7039.0
2022-08-11 14:15:00+02:00	7011.0
2022-08-11 14:30:00+02:00	7009.0
2022-08-11 14:45:00+02:00	7016.0
2022-08-11 15:00:00+02:00	7047.0
2022-08-11 15:15:00+02:00	6974.0
2022-08-11 15:30:00+02:00	6964.0
2022-08-11 15:45:00+02:00	6970.0
2022-08-11 16:00:00+02:00	7059.0
2022-08-11 16:15:00+02:00	7086.0
2022-08-11 16:30:00+02:00	7076.0
2022-08-11 16:45:00+02:00	7126.0
2022-08-11 17:00:00+02:00	7135.0
2022-08-11 17:15:00+02:00	7156.0
2022-08-11 17:30:00+02:00	7200.0
2022-08-11 17:45:00+02:00	7194.0
2022-08-11 18:00:00+02:00	7209.0
2022-08-11 18:15:00+02:00	7181.0
2022-08-11 18:30:00+02:00	7173.0
2022-08-11 18:45:00+02:00	7178.0
2022-08-11 19:00:00+02:00	7152.0
2022-08-11 19:15:00+02:00	7082.0
2022-08-11 19:30:00+02:00	7072.0
2022-08-11 19:45:00+02:00	6984.0
2022-08-11 20:00:00+02:00	6958.0
2022-08-11 20:15:00+02:00	6920.0
2022-08-11 20:30:00+02:00	6873.0
2022-08-11 20:45:00+02:00	6823.0
2022-08-11 21:00:00+02:00	6740.0
2022-08-11 21:15:00+02:00	6629.0
2022-08-11 21:30:00+02:00	6478.0
2022-08-11 21:45:00+02:00	6321.0
2022-08-11 22:00:00+02:00	6373.0
2022-08-11 22:15:00+02:00	6292.0
2022-08-11 22:30:00+02:00	6156.0
2022-08-11 22:45:00+02:00	5961.0
2022-08-11 23:00:00+02:00	5846.0
2022-08-11 23:15:00+02:00	5701.0
2022-08-11 23:30:00+02:00	5586.0
2022-08-11 23:45:00+02:00	5503.0
2022-08-12 00:00:00+02:00	5493.0
2022-08-12 00:15:00+02:00	5440.0
2022-08-12 00:30:00+02:00	5330.0
2022-08-12 00:45:00+02:00	5189.0
2022-08-12 01:00:00+02:00	5150.0
2022-08-12 01:15:00+02:00	5072.0
2022-08-12 01:30:00+02:00	4975.0
2022-08-12 01:45:00+02:00	4942.0
2022-08-12 02:00:00+02:00	5002.0
2022-08-12 02:15:00+02:00	4972.0
2022-08-12 02:30:00+02:00	4903.0
2022-08-12 02:45:00+02:00	4898.0
2022-08-12 03:00:00+02:00	4880.0
2022-08-12 03:15:00+02:00	4851.0
2022-08-12 03:30:00+02:00	4803.0
2022-08-12 03:45:00+02:00	4796.0
2022-08-12 04:00:00+02:00	4860.0
2022-08-12 04:15:00+02:00	4887.0
2022-08-12 04:30:00+02:00	4942.0
2022-08-12 04:45:00+02:00	4995.0
2022-08-12 05:00:00+02:00	5175.0
2022-08-12 05:15:00+02:00	5262.0
2022-08-12 05:30:00+02:00	5396.0
2022-08-12 05:45:00+02:00	5532.0
2022-08-12 06:00:00+02:00	5906.0
2022-08-12 06:15:00+02:00	6097.0
2022-08-12 06:30:00+02:00	6284.0
2022-08-12 06:45:00+02:00	6383.0
2022-08-12 07:00:00+02:00	6608.0
2022-08-12 07:15:00+02:00	6757.0
2022-08-12 07:30:00+02:00	6836.0
2022-08-12 07:45:00+02:00	6931.0
2022-08-12 08:00:00+02:00	7038.0
2022-08-12 08:15:00+02:00	7106.0
2022-08-12 08:30:00+02:00	7163.0
2022-08-12 08:45:00+02:00	7155.0
2022-08-12 09:00:00+02:00	7096.0
2022-08-12 09:15:00+02:00	7094.0
2022-08-12 09:30:00+02:00	7146.0
2022-08-12 09:45:00+02:00	7156.0
2022-08-12 10:00:00+02:00	7117.0
2022-08-12 10:15:00+02:00	7136.0
2022-08-12 10:30:00+02:00	7172.0
2022-08-12 10:45:00+02:00	7177.0
2022-08-12 11:00:00+02:00	7209.0
2022-08-12 11:15:00+02:00	7217.0
2022-08-12 11:30:00+02:00	7207.0
2022-08-12 11:45:00+02:00	7175.0
2022-08-12 12:00:00+02:00	7064.0
2022-08-12 12:15:00+02:00	6988.0
2022-08-12 12:30:00+02:00	6893.0
2022-08-12 12:45:00+02:00	6878.0
2022-08-12 13:00:00+02:00	6908.0
2022-08-12 13:15:00+02:00	6875.0
2022-08-12 13:30:00+02:00	6909.0
2022-08-12 13:45:00+02:00	6878.0
2022-08-12 14:00:00+02:00	6907.0
2022-08-12 14:15:00+02:00	6908.0
2022-08-12 14:30:00+02:00	6898.0
2022-08-12 14:45:00+02:00	6860.0
2022-08-12 15:00:00+02:00	6885.0
2022-08-12 15:15:00+02:00	6906.0
2022-08-12 15:30:00+02:00	6903.0
2022-08-12 15:45:00+02:00	6884.0
2022-08-12 16:00:00+02:00	6928.0
2022-08-12 16:15:00+02:00	6886.0
2022-08-12 16:30:00+02:00	6871.0
2022-08-12 16:45:00+02:00	6895.0
2022-08-12 17:00:00+02:00	6908.0
2022-08-12 17:15:00+02:00	6933.0
2022-08-12 17:30:00+02:00	6942.0
2022-08-12 17:45:00+02:00	6918.0
2022-08-12 18:00:00+02:00	6882.0
2022-08-12 18:15:00+02:00	6876.0
2022-08-12 18:30:00+02:00	6832.0
2022-08-12 18:45:00+02:00	6817.0
2022-08-12 19:00:00+02:00	6724.0
2022-08-12 19:15:00+02:00	6682.0
2022-08-12 19:30:00+02:00	6620.0
2022-08-12 19:45:00+02:00	6571.0
2022-08-12 20:00:00+02:00	6551.0
2022-08-12 20:15:00+02:00	6532.0
2022-08-12 20:30:00+02:00	6482.0
2022-08-12 20:45:00+02:00	6457.0
2022-08-12 21:00:00+02:00	6335.0
2022-08-12 21:15:00+02:00	6202.0
2022-08-12 21:30:00+02:00	6121.0
2022-08-12 21:45:00+02:00	5939.0
2022-08-12 22:00:00+02:00	6002.0
2022-08-12 22:15:00+02:00	5892.0
2022-08-12 22:30:00+02:00	5777.0
2022-08-12 22:45:00+02:00	5635.0
2022-08-12 23:00:00+02:00	5523.0
2022-08-12 23:15:00+02:00	5422.0
2022-08-12 23:30:00+02:00	5319.0
2022-08-12 23:45:00+02:00	5240.0
2022-08-13 00:00:00+02:00	5315.0
2022-08-13 00:15:00+02:00	5240.0
2022-08-13 00:30:00+02:00	5096.0
2022-08-13 00:45:00+02:00	5011.0
2022-08-13 01:00:00+02:00	4951.0
2022-08-13 01:15:00+02:00	4887.0
2022-08-13 01:30:00+02:00	4847.0
2022-08-13 01:45:00+02:00	4768.0
2022-08-13 02:00:00+02:00	4829.0
2022-08-13 02:15:00+02:00	4796.0
2022-08-13 02:30:00+02:00	4729.0
2022-08-13 02:45:00+02:00	4680.0
2022-08-13 03:00:00+02:00	4667.0
2022-08-13 03:15:00+02:00	4632.0
2022-08-13 03:30:00+02:00	4629.0
2022-08-13 03:45:00+02:00	4582.0
2022-08-13 04:00:00+02:00	4586.0
2022-08-13 04:15:00+02:00	4536.0
2022-08-13 04:30:00+02:00	4562.0
2022-08-13 04:45:00+02:00	4630.0
2022-08-13 05:00:00+02:00	4690.0
2022-08-13 05:15:00+02:00	4759.0
2022-08-13 05:30:00+02:00	4817.0
2022-08-13 05:45:00+02:00	4862.0
2022-08-13 06:00:00+02:00	4992.0
2022-08-13 06:15:00+02:00	5056.0
2022-08-13 06:30:00+02:00	5098.0
2022-08-13 06:45:00+02:00	5222.0
2022-08-13 07:00:00+02:00	5354.0
2022-08-13 07:15:00+02:00	5408.0
2022-08-13 07:30:00+02:00	5494.0
2022-08-13 07:45:00+02:00	5591.0
2022-08-13 08:00:00+02:00	5719.0
2022-08-13 08:15:00+02:00	5822.0
2022-08-13 08:30:00+02:00	5919.0
2022-08-13 08:45:00+02:00	6012.0
2022-08-13 09:00:00+02:00	6108.0
2022-08-13 09:15:00+02:00	6169.0
2022-08-13 09:30:00+02:00	6241.0
2022-08-13 09:45:00+02:00	6259.0
2022-08-13 10:00:00+02:00	6320.0
2022-08-13 10:15:00+02:00	6368.0
2022-08-13 10:30:00+02:00	6398.0
2022-08-13 10:45:00+02:00	6436.0
2022-08-13 11:00:00+02:00	6452.0
2022-08-13 11:15:00+02:00	6454.0
2022-08-13 11:30:00+02:00	6455.0
2022-08-13 11:45:00+02:00	6406.0
2022-08-13 12:00:00+02:00	6375.0
2022-08-13 12:15:00+02:00	6321.0
2022-08-13 12:30:00+02:00	6267.0
2022-08-13 12:45:00+02:00	6224.0
2022-08-13 13:00:00+02:00	6157.0
2022-08-13 13:15:00+02:00	6145.0
2022-08-13 13:30:00+02:00	6109.0
2022-08-13 13:45:00+02:00	6098.0
2022-08-13 14:00:00+02:00	6020.0
2022-08-13 14:15:00+02:00	5943.0
2022-08-13 14:30:00+02:00	5935.0
2022-08-13 14:45:00+02:00	5960.0
2022-08-13 15:00:00+02:00	6020.0
2022-08-13 15:15:00+02:00	6000.0
2022-08-13 15:30:00+02:00	6004.0
2022-08-13 15:45:00+02:00	5980.0
2022-08-13 16:00:00+02:00	6035.0
2022-08-13 16:15:00+02:00	6002.0
2022-08-13 16:30:00+02:00	5987.0
2022-08-13 16:45:00+02:00	6063.0
2022-08-13 17:00:00+02:00	6037.0
2022-08-13 17:15:00+02:00	6053.0
2022-08-13 17:30:00+02:00	6108.0
2022-08-13 17:45:00+02:00	6098.0
2022-08-13 18:00:00+02:00	6074.0
2022-08-13 18:15:00+02:00	6019.0
2022-08-13 18:30:00+02:00	5955.0
2022-08-13 18:45:00+02:00	5934.0
2022-08-13 19:00:00+02:00	5881.0
2022-08-13 19:15:00+02:00	5867.0
2022-08-13 19:30:00+02:00	5836.0
2022-08-13 19:45:00+02:00	5833.0
2022-08-13 20:00:00+02:00	5851.0
2022-08-13 20:15:00+02:00	5882.0
2022-08-13 20:30:00+02:00	5886.0
2022-08-13 20:45:00+02:00	5841.0
2022-08-13 21:00:00+02:00	5736.0
2022-08-13 21:15:00+02:00	5626.0
2022-08-13 21:30:00+02:00	5540.0
2022-08-13 21:45:00+02:00	5546.0
2022-08-13 22:00:00+02:00	5635.0
2022-08-13 22:15:00+02:00	5535.0
2022-08-13 22:30:00+02:00	5376.0
2022-08-13 22:45:00+02:00	5298.0
2022-08-13 23:00:00+02:00	5205.0
2022-08-13 23:15:00+02:00	5123.0
2022-08-13 23:30:00+02:00	4985.0
2022-08-13 23:45:00+02:00	4926.0
2022-08-14 00:00:00+02:00	4951.0
2022-08-14 00:15:00+02:00	4832.0
2022-08-14 00:30:00+02:00	4768.0
2022-08-14 00:45:00+02:00	4706.0
2022-08-14 01:00:00+02:00	4634.0
2022-08-14 01:15:00+02:00	4564.0
2022-08-14 01:30:00+02:00	4505.0
2022-08-14 01:45:00+02:00	4435.0
2022-08-14 02:00:00+02:00	4534.0
2022-08-14 02:15:00+02:00	4454.0
2022-08-14 02:30:00+02:00	4422.0
2022-08-14 02:45:00+02:00	4374.0
2022-08-14 03:00:00+02:00	4380.0
2022-08-14 03:15:00+02:00	4340.0
2022-08-14 03:30:00+02:00	4333.0
2022-08-14 03:45:00+02:00	4268.0
2022-08-14 04:00:00+02:00	4298.0
2022-08-14 04:15:00+02:00	4288.0
2022-08-14 04:30:00+02:00	4324.0
2022-08-14 04:45:00+02:00	4322.0
2022-08-14 05:00:00+02:00	4411.0
2022-08-14 05:15:00+02:00	4439.0
2022-08-14 05:30:00+02:00	4478.0
2022-08-14 05:45:00+02:00	4522.0
2022-08-14 06:00:00+02:00	4610.0
2022-08-14 06:15:00+02:00	4609.0
2022-08-14 06:30:00+02:00	4646.0
2022-08-14 06:45:00+02:00	4720.0
2022-08-14 07:00:00+02:00	4872.0
2022-08-14 07:15:00+02:00	4907.0
2022-08-14 07:30:00+02:00	5001.0
2022-08-14 07:45:00+02:00	5087.0
2022-08-14 08:00:00+02:00	5167.0
2022-08-14 08:15:00+02:00	5223.0
2022-08-14 08:30:00+02:00	5333.0
2022-08-14 08:45:00+02:00	5382.0
2022-08-14 09:00:00+02:00	5516.0
2022-08-14 09:15:00+02:00	5598.0
2022-08-14 09:30:00+02:00	5636.0
2022-08-14 09:45:00+02:00	5634.0
2022-08-14 10:00:00+02:00	5692.0
2022-08-14 10:15:00+02:00	5702.0
2022-08-14 10:30:00+02:00	5724.0
2022-08-14 10:45:00+02:00	5753.0
2022-08-14 11:00:00+02:00	5761.0
2022-08-14 11:15:00+02:00	5792.0
2022-08-14 11:30:00+02:00	5812.0
2022-08-14 11:45:00+02:00	5734.0
2022-08-14 12:00:00+02:00	5665.0
2022-08-14 12:15:00+02:00	5593.0
2022-08-14 12:30:00+02:00	5554.0
2022-08-14 12:45:00+02:00	5480.0
2022-08-14 13:00:00+02:00	5448.0
2022-08-14 13:15:00+02:00	5393.0
2022-08-14 13:30:00+02:00	5370.0
2022-08-14 13:45:00+02:00	5300.0
2022-08-14 14:00:00+02:00	5256.0
2022-08-14 14:15:00+02:00	5208.0
2022-08-14 14:30:00+02:00	5164.0
2022-08-14 14:45:00+02:00	5141.0
2022-08-14 15:00:00+02:00	5169.0
2022-08-14 15:15:00+02:00	5137.0
2022-08-14 15:30:00+02:00	5162.0
2022-08-14 15:45:00+02:00	5159.0
2022-08-14 16:00:00+02:00	5140.0
2022-08-14 16:15:00+02:00	5176.0
2022-08-14 16:30:00+02:00	5228.0
2022-08-14 16:45:00+02:00	5300.0
2022-08-14 17:00:00+02:00	5403.0
2022-08-14 17:15:00+02:00	5443.0
2022-08-14 17:30:00+02:00	5483.0
2022-08-14 17:45:00+02:00	5537.0
2022-08-14 18:00:00+02:00	5607.0
2022-08-14 18:15:00+02:00	5644.0
2022-08-14 18:30:00+02:00	5692.0
2022-08-14 18:45:00+02:00	5707.0
2022-08-14 19:00:00+02:00	5747.0
2022-08-14 19:15:00+02:00	5768.0
2022-08-14 19:30:00+02:00	5753.0
2022-08-14 19:45:00+02:00	5747.0
2022-08-14 20:00:00+02:00	5756.0
2022-08-14 20:15:00+02:00	5772.0
2022-08-14 20:30:00+02:00	5783.0
2022-08-14 20:45:00+02:00	5770.0
2022-08-14 21:00:00+02:00	5672.0
2022-08-14 21:15:00+02:00	5576.0
2022-08-14 21:30:00+02:00	5498.0
2022-08-14 21:45:00+02:00	5412.0
2022-08-14 22:00:00+02:00	5581.0
2022-08-14 22:15:00+02:00	5492.0
2022-08-14 22:30:00+02:00	5353.0
2022-08-14 22:45:00+02:00	5248.0
2022-08-14 23:00:00+02:00	5142.0
2022-08-14 23:15:00+02:00	5022.0
2022-08-14 23:30:00+02:00	4918.0
2022-08-14 23:45:00+02:00	4898.0
2022-08-15 00:00:00+02:00	4966.0
2022-08-15 00:15:00+02:00	4889.0
2022-08-15 00:30:00+02:00	4757.0
2022-08-15 00:45:00+02:00	4694.0
2022-08-15 01:00:00+02:00	4691.0
2022-08-15 01:15:00+02:00	4607.0
2022-08-15 01:30:00+02:00	4530.0
2022-08-15 01:45:00+02:00	4488.0
2022-08-15 02:00:00+02:00	4580.0
2022-08-15 02:15:00+02:00	4516.0
2022-08-15 02:30:00+02:00	4414.0
2022-08-15 02:45:00+02:00	4390.0
2022-08-15 03:00:00+02:00	4389.0
2022-08-15 03:15:00+02:00	4341.0
2022-08-15 03:30:00+02:00	4313.0
2022-08-15 03:45:00+02:00	4309.0
2022-08-15 04:00:00+02:00	4350.0
2022-08-15 04:15:00+02:00	4351.0
2022-08-15 04:30:00+02:00	4348.0
2022-08-15 04:45:00+02:00	4370.0
2022-08-15 05:00:00+02:00	4486.0
2022-08-15 05:15:00+02:00	4518.0
2022-08-15 05:30:00+02:00	4572.0
2022-08-15 05:45:00+02:00	4570.0
2022-08-15 06:00:00+02:00	4653.0
2022-08-15 06:15:00+02:00	4707.0
2022-08-15 06:30:00+02:00	4746.0
2022-08-15 06:45:00+02:00	4776.0
2022-08-15 07:00:00+02:00	4910.0
2022-08-15 07:15:00+02:00	4965.0
2022-08-15 07:30:00+02:00	5041.0
2022-08-15 07:45:00+02:00	5090.0
2022-08-15 08:00:00+02:00	5242.0
2022-08-15 08:15:00+02:00	5320.0
2022-08-15 08:30:00+02:00	5357.0
2022-08-15 08:45:00+02:00	5446.0
2022-08-15 09:00:00+02:00	5546.0
2022-08-15 09:15:00+02:00	5585.0
2022-08-15 09:30:00+02:00	5664.0
2022-08-15 09:45:00+02:00	5704.0
2022-08-15 10:00:00+02:00	5746.0
2022-08-15 10:15:00+02:00	5764.0
2022-08-15 10:30:00+02:00	5811.0
2022-08-15 10:45:00+02:00	5826.0
2022-08-15 11:00:00+02:00	5856.0
2022-08-15 11:15:00+02:00	5888.0
2022-08-15 11:30:00+02:00	5881.0
2022-08-15 11:45:00+02:00	5816.0
2022-08-15 12:00:00+02:00	5788.0
2022-08-15 12:15:00+02:00	5765.0
2022-08-15 12:30:00+02:00	5702.0
2022-08-15 12:45:00+02:00	5666.0
2022-08-15 13:00:00+02:00	5652.0
2022-08-15 13:15:00+02:00	5596.0
2022-08-15 13:30:00+02:00	5617.0
2022-08-15 13:45:00+02:00	5542.0
2022-08-15 14:00:00+02:00	5568.0
2022-08-15 14:15:00+02:00	5574.0
2022-08-15 14:30:00+02:00	5571.0
2022-08-15 14:45:00+02:00	5517.0
2022-08-15 15:00:00+02:00	5561.0
2022-08-15 15:15:00+02:00	5570.0
2022-08-15 15:30:00+02:00	5588.0
2022-08-15 15:45:00+02:00	5613.0
2022-08-15 16:00:00+02:00	5726.0
2022-08-15 16:15:00+02:00	5761.0
2022-08-15 16:30:00+02:00	5816.0
2022-08-15 16:45:00+02:00	5825.0
2022-08-15 17:00:00+02:00	5843.0
2022-08-15 17:15:00+02:00	5916.0
2022-08-15 17:30:00+02:00	5973.0
2022-08-15 17:45:00+02:00	6006.0
2022-08-15 18:00:00+02:00	6064.0
2022-08-15 18:15:00+02:00	6072.0
2022-08-15 18:30:00+02:00	6047.0
2022-08-15 18:45:00+02:00	6076.0
2022-08-15 19:00:00+02:00	6108.0
2022-08-15 19:15:00+02:00	6148.0
2022-08-15 19:30:00+02:00	6133.0
2022-08-15 19:45:00+02:00	6108.0
2022-08-15 20:00:00+02:00	6171.0
2022-08-15 20:15:00+02:00	6170.0
2022-08-15 20:30:00+02:00	6122.0
2022-08-15 20:45:00+02:00	6082.0
2022-08-15 21:00:00+02:00	6004.0
2022-08-15 21:15:00+02:00	5876.0
2022-08-15 21:30:00+02:00	5806.0
2022-08-15 21:45:00+02:00	5740.0
2022-08-15 22:00:00+02:00	5898.0
2022-08-15 22:15:00+02:00	5817.0
2022-08-15 22:30:00+02:00	5658.0
2022-08-15 22:45:00+02:00	5521.0
2022-08-15 23:00:00+02:00	5440.0
2022-08-15 23:15:00+02:00	5314.0
2022-08-15 23:30:00+02:00	5200.0
2022-08-15 23:45:00+02:00	5120.0
2022-08-16 00:00:00+02:00	5155.0
2022-08-16 00:15:00+02:00	5036.0
2022-08-16 00:30:00+02:00	4980.0
2022-08-16 00:45:00+02:00	4937.0
2022-08-16 01:00:00+02:00	4826.0
2022-08-16 01:15:00+02:00	4786.0
2022-08-16 01:30:00+02:00	4748.0
2022-08-16 01:45:00+02:00	4737.0
2022-08-16 02:00:00+02:00	4771.0
2022-08-16 02:15:00+02:00	4718.0
2022-08-16 02:30:00+02:00	4680.0
2022-08-16 02:45:00+02:00	4628.0
2022-08-16 03:00:00+02:00	4646.0
2022-08-16 03:15:00+02:00	4644.0
2022-08-16 03:30:00+02:00	4636.0
2022-08-16 03:45:00+02:00	4644.0
2022-08-16 04:00:00+02:00	4698.0
2022-08-16 04:15:00+02:00	4765.0
2022-08-16 04:30:00+02:00	4837.0
2022-08-16 04:45:00+02:00	4929.0
2022-08-16 05:00:00+02:00	5090.0
2022-08-16 05:15:00+02:00	5281.0
2022-08-16 05:30:00+02:00	5446.0
2022-08-16 05:45:00+02:00	5589.0
2022-08-16 06:00:00+02:00	5995.0
2022-08-16 06:15:00+02:00	6235.0
2022-08-16 06:30:00+02:00	6418.0
2022-08-16 06:45:00+02:00	6623.0
2022-08-16 07:00:00+02:00	6874.0
2022-08-16 07:15:00+02:00	7030.0
2022-08-16 07:30:00+02:00	7185.0
2022-08-16 07:45:00+02:00	7275.0
2022-08-16 08:00:00+02:00	7390.0
2022-08-16 08:15:00+02:00	7505.0
2022-08-16 08:30:00+02:00	7537.0
2022-08-16 08:45:00+02:00	7536.0
2022-08-16 09:00:00+02:00	7583.0
2022-08-16 09:15:00+02:00	7562.0
2022-08-16 09:30:00+02:00	7602.0
2022-08-16 09:45:00+02:00	7615.0
2022-08-16 10:00:00+02:00	7608.0
2022-08-16 10:15:00+02:00	7587.0
2022-08-16 10:30:00+02:00	7634.0
2022-08-16 10:45:00+02:00	7676.0
2022-08-16 11:00:00+02:00	7655.0
2022-08-16 11:15:00+02:00	7692.0
2022-08-16 11:30:00+02:00	7748.0
2022-08-16 11:45:00+02:00	7680.0
2022-08-16 12:00:00+02:00	7586.0
2022-08-16 12:15:00+02:00	7499.0
2022-08-16 12:30:00+02:00	7464.0
2022-08-16 12:45:00+02:00	7427.0
2022-08-16 13:00:00+02:00	7465.0
2022-08-16 13:15:00+02:00	7463.0
2022-08-16 13:30:00+02:00	7404.0
2022-08-16 13:45:00+02:00	7370.0
2022-08-16 14:00:00+02:00	7355.0
2022-08-16 14:15:00+02:00	7334.0
2022-08-16 14:30:00+02:00	7376.0
2022-08-16 14:45:00+02:00	7346.0
2022-08-16 15:00:00+02:00	7329.0
2022-08-16 15:15:00+02:00	7298.0
2022-08-16 15:30:00+02:00	7260.0
2022-08-16 15:45:00+02:00	7254.0
2022-08-16 16:00:00+02:00	7269.0
2022-08-16 16:15:00+02:00	7264.0
2022-08-16 16:30:00+02:00	7252.0
2022-08-16 16:45:00+02:00	7229.0
2022-08-16 17:00:00+02:00	7240.0
2022-08-16 17:15:00+02:00	7270.0
2022-08-16 17:30:00+02:00	7317.0
2022-08-16 17:45:00+02:00	7346.0
2022-08-16 18:00:00+02:00	7368.0
2022-08-16 18:15:00+02:00	7395.0
2022-08-16 18:30:00+02:00	7441.0
2022-08-16 18:45:00+02:00	7446.0
2022-08-16 19:00:00+02:00	7393.0
2022-08-16 19:15:00+02:00	7350.0
2022-08-16 19:30:00+02:00	7300.0
2022-08-16 19:45:00+02:00	7258.0
2022-08-16 20:00:00+02:00	7198.0
2022-08-16 20:15:00+02:00	7135.0
2022-08-16 20:30:00+02:00	7126.0
2022-08-16 20:45:00+02:00	7088.0
2022-08-16 21:00:00+02:00	6968.0
2022-08-16 21:15:00+02:00	6827.0
2022-08-16 21:30:00+02:00	6719.0
2022-08-16 21:45:00+02:00	6567.0
2022-08-16 22:00:00+02:00	6619.0
2022-08-16 22:15:00+02:00	6512.0
2022-08-16 22:30:00+02:00	6387.0
2022-08-16 22:45:00+02:00	6232.0
2022-08-16 23:00:00+02:00	6119.0
2022-08-16 23:15:00+02:00	5948.0
2022-08-16 23:30:00+02:00	5804.0
2022-08-16 23:45:00+02:00	5708.0
2022-08-17 00:00:00+02:00	5692.0
2022-08-17 00:15:00+02:00	5573.0
2022-08-17 00:30:00+02:00	5488.0
2022-08-17 00:45:00+02:00	5392.0
2022-08-17 01:00:00+02:00	5344.0
2022-08-17 01:15:00+02:00	5306.0
2022-08-17 01:30:00+02:00	5262.0
2022-08-17 01:45:00+02:00	5203.0
2022-08-17 02:00:00+02:00	5225.0
2022-08-17 02:15:00+02:00	5198.0
2022-08-17 02:30:00+02:00	5100.0
2022-08-17 02:45:00+02:00	5034.0
2022-08-17 03:00:00+02:00	5011.0
2022-08-17 03:15:00+02:00	4975.0
2022-08-17 03:30:00+02:00	4956.0
2022-08-17 03:45:00+02:00	4952.0
2022-08-17 04:00:00+02:00	5000.0
2022-08-17 04:15:00+02:00	5017.0
2022-08-17 04:30:00+02:00	5108.0
2022-08-17 04:45:00+02:00	5190.0
2022-08-17 05:00:00+02:00	5396.0
2022-08-17 05:15:00+02:00	5541.0
2022-08-17 05:30:00+02:00	5686.0
2022-08-17 05:45:00+02:00	5856.0
2022-08-17 06:00:00+02:00	6137.0
2022-08-17 06:15:00+02:00	6399.0
2022-08-17 06:30:00+02:00	6590.0
2022-08-17 06:45:00+02:00	6738.0
2022-08-17 07:00:00+02:00	7007.0
2022-08-17 07:15:00+02:00	7136.0
2022-08-17 07:30:00+02:00	7222.0
2022-08-17 07:45:00+02:00	7340.0
2022-08-17 08:00:00+02:00	7495.0
2022-08-17 08:15:00+02:00	7529.0
2022-08-17 08:30:00+02:00	7577.0
2022-08-17 08:45:00+02:00	7602.0
2022-08-17 09:00:00+02:00	7544.0
2022-08-17 09:15:00+02:00	7585.0
2022-08-17 09:30:00+02:00	7636.0
2022-08-17 09:45:00+02:00	7644.0
2022-08-17 10:00:00+02:00	7675.0
2022-08-17 10:15:00+02:00	7697.0
2022-08-17 10:30:00+02:00	7701.0
2022-08-17 10:45:00+02:00	7783.0
2022-08-17 11:00:00+02:00	7866.0
2022-08-17 11:15:00+02:00	7853.0
2022-08-17 11:30:00+02:00	7848.0
2022-08-17 11:45:00+02:00	7831.0
2022-08-17 12:00:00+02:00	7758.0
2022-08-17 12:15:00+02:00	7668.0
2022-08-17 12:30:00+02:00	7623.0
2022-08-17 12:45:00+02:00	7598.0
2022-08-17 13:00:00+02:00	7676.0
2022-08-17 13:15:00+02:00	7671.0
2022-08-17 13:30:00+02:00	7636.0
2022-08-17 13:45:00+02:00	7598.0
2022-08-17 14:00:00+02:00	7577.0
2022-08-17 14:15:00+02:00	7602.0
2022-08-17 14:30:00+02:00	7600.0
2022-08-17 14:45:00+02:00	7570.0
2022-08-17 15:00:00+02:00	7552.0
2022-08-17 15:15:00+02:00	7532.0
2022-08-17 15:30:00+02:00	7522.0
2022-08-17 15:45:00+02:00	7555.0
2022-08-17 16:00:00+02:00	7558.0
2022-08-17 16:15:00+02:00	7556.0
2022-08-17 16:30:00+02:00	7581.0
2022-08-17 16:45:00+02:00	7580.0
2022-08-17 17:00:00+02:00	7612.0
2022-08-17 17:15:00+02:00	7675.0
2022-08-17 17:30:00+02:00	7724.0
2022-08-17 17:45:00+02:00	7724.0
2022-08-17 18:00:00+02:00	7692.0
2022-08-17 18:15:00+02:00	7674.0
2022-08-17 18:30:00+02:00	7656.0
2022-08-17 18:45:00+02:00	7636.0
2022-08-17 19:00:00+02:00	7583.0
2022-08-17 19:15:00+02:00	7485.0
2022-08-17 19:30:00+02:00	7431.0
2022-08-17 19:45:00+02:00	7360.0
2022-08-17 20:00:00+02:00	7334.0
2022-08-17 20:15:00+02:00	7337.0
2022-08-17 20:30:00+02:00	7308.0
2022-08-17 20:45:00+02:00	7202.0
2022-08-17 21:00:00+02:00	7019.0
2022-08-17 21:15:00+02:00	6908.0
2022-08-17 21:30:00+02:00	6754.0
2022-08-17 21:45:00+02:00	6573.0
2022-08-17 22:00:00+02:00	6652.0
2022-08-17 22:15:00+02:00	6538.0
2022-08-17 22:30:00+02:00	6392.0
2022-08-17 22:45:00+02:00	6202.0
2022-08-17 23:00:00+02:00	6069.0
2022-08-17 23:15:00+02:00	5943.0
2022-08-17 23:30:00+02:00	5826.0
2022-08-17 23:45:00+02:00	5736.0
2022-08-18 00:00:00+02:00	5775.0
2022-08-18 00:15:00+02:00	5696.0
2022-08-18 00:30:00+02:00	5572.0
2022-08-18 00:45:00+02:00	5445.0
2022-08-18 01:00:00+02:00	5412.0
2022-08-18 01:15:00+02:00	5352.0
2022-08-18 01:30:00+02:00	5305.0
2022-08-18 01:45:00+02:00	5207.0
2022-08-18 02:00:00+02:00	5246.0
2022-08-18 02:15:00+02:00	5220.0
2022-08-18 02:30:00+02:00	5134.0
2022-08-18 02:45:00+02:00	5101.0
2022-08-18 03:00:00+02:00	5090.0
2022-08-18 03:15:00+02:00	5049.0
2022-08-18 03:30:00+02:00	5040.0
2022-08-18 03:45:00+02:00	5033.0
2022-08-18 04:00:00+02:00	5078.0
2022-08-18 04:15:00+02:00	5084.0
2022-08-18 04:30:00+02:00	5140.0
2022-08-18 04:45:00+02:00	5236.0
2022-08-18 05:00:00+02:00	5456.0
2022-08-18 05:15:00+02:00	5588.0
2022-08-18 05:30:00+02:00	5736.0
2022-08-18 05:45:00+02:00	5896.0
2022-08-18 06:00:00+02:00	6242.0
2022-08-18 06:15:00+02:00	6448.0
2022-08-18 06:30:00+02:00	6605.0
2022-08-18 06:45:00+02:00	6778.0
2022-08-18 07:00:00+02:00	7008.0
2022-08-18 07:15:00+02:00	7162.0
2022-08-18 07:30:00+02:00	7300.0
2022-08-18 07:45:00+02:00	7398.0
2022-08-18 08:00:00+02:00	7538.0
2022-08-18 08:15:00+02:00	7587.0
2022-08-18 08:30:00+02:00	7676.0
2022-08-18 08:45:00+02:00	7761.0
2022-08-18 09:00:00+02:00	7789.0
2022-08-18 09:15:00+02:00	7829.0
2022-08-18 09:30:00+02:00	7878.0
2022-08-18 09:45:00+02:00	7954.0
2022-08-18 10:00:00+02:00	7933.0
2022-08-18 10:15:00+02:00	7968.0
2022-08-18 10:30:00+02:00	7923.0
2022-08-18 10:45:00+02:00	7916.0
2022-08-18 11:00:00+02:00	7891.0
2022-08-18 11:15:00+02:00	7941.0
2022-08-18 11:30:00+02:00	7905.0
2022-08-18 11:45:00+02:00	7846.0
2022-08-18 12:00:00+02:00	7828.0
2022-08-18 12:15:00+02:00	7759.0
2022-08-18 12:30:00+02:00	7744.0
2022-08-18 12:45:00+02:00	7732.0
2022-08-18 13:00:00+02:00	7769.0
2022-08-18 13:15:00+02:00	7798.0
2022-08-18 13:30:00+02:00	7767.0
2022-08-18 13:45:00+02:00	7709.0
2022-08-18 14:00:00+02:00	7778.0
2022-08-18 14:15:00+02:00	7824.0
2022-08-18 14:30:00+02:00	7899.0
2022-08-18 14:45:00+02:00	7951.0
2022-08-18 15:00:00+02:00	8027.0
2022-08-18 15:15:00+02:00	8024.0
2022-08-18 15:30:00+02:00	7994.0
2022-08-18 15:45:00+02:00	8006.0
2022-08-18 16:00:00+02:00	8005.0
2022-08-18 16:15:00+02:00	7940.0
2022-08-18 16:30:00+02:00	7925.0
2022-08-18 16:45:00+02:00	7926.0
2022-08-18 17:00:00+02:00	7870.0
2022-08-18 17:15:00+02:00	7819.0
2022-08-18 17:30:00+02:00	7824.0
2022-08-18 17:45:00+02:00	7773.0
2022-08-18 18:00:00+02:00	7621.0
2022-08-18 18:15:00+02:00	7589.0
2022-08-18 18:30:00+02:00	7566.0
2022-08-18 18:45:00+02:00	7522.0
2022-08-18 19:00:00+02:00	7453.0
2022-08-18 19:15:00+02:00	7353.0
2022-08-18 19:30:00+02:00	7307.0
2022-08-18 19:45:00+02:00	7249.0
2022-08-18 20:00:00+02:00	7182.0
2022-08-18 20:15:00+02:00	7185.0
2022-08-18 20:30:00+02:00	7091.0
2022-08-18 20:45:00+02:00	6974.0
2022-08-18 21:00:00+02:00	6874.0
2022-08-18 21:15:00+02:00	6734.0
2022-08-18 21:30:00+02:00	6585.0
2022-08-18 21:45:00+02:00	6473.0
2022-08-18 22:00:00+02:00	6512.0
2022-08-18 22:15:00+02:00	6403.0
2022-08-18 22:30:00+02:00	6246.0
2022-08-18 22:45:00+02:00	6087.0
2022-08-18 23:00:00+02:00	6016.0
2022-08-18 23:15:00+02:00	5882.0
2022-08-18 23:30:00+02:00	5747.0
2022-08-18 23:45:00+02:00	5665.0
2022-08-19 00:00:00+02:00	5712.0
2022-08-19 00:15:00+02:00	5610.0
2022-08-19 00:30:00+02:00	5476.0
2022-08-19 00:45:00+02:00	5396.0
2022-08-19 01:00:00+02:00	5354.0
2022-08-19 01:15:00+02:00	5290.0
2022-08-19 01:30:00+02:00	5269.0
2022-08-19 01:45:00+02:00	5197.0
2022-08-19 02:00:00+02:00	5263.0
2022-08-19 02:15:00+02:00	5216.0
2022-08-19 02:30:00+02:00	5174.0
2022-08-19 02:45:00+02:00	5126.0
2022-08-19 03:00:00+02:00	5117.0
2022-08-19 03:15:00+02:00	5088.0
2022-08-19 03:30:00+02:00	5058.0
2022-08-19 03:45:00+02:00	5067.0
2022-08-19 04:00:00+02:00	5143.0
2022-08-19 04:15:00+02:00	5193.0
2022-08-19 04:30:00+02:00	5228.0
2022-08-19 04:45:00+02:00	5303.0
2022-08-19 05:00:00+02:00	5482.0
2022-08-19 05:15:00+02:00	5629.0
2022-08-19 05:30:00+02:00	5800.0
2022-08-19 05:45:00+02:00	5966.0
2022-08-19 06:00:00+02:00	6328.0
2022-08-19 06:15:00+02:00	6560.0
2022-08-19 06:30:00+02:00	6734.0
2022-08-19 06:45:00+02:00	6918.0
2022-08-19 07:00:00+02:00	7147.0
2022-08-19 07:15:00+02:00	7324.0
2022-08-19 07:30:00+02:00	7464.0
2022-08-19 07:45:00+02:00	7577.0
2022-08-19 08:00:00+02:00	7735.0
2022-08-19 08:15:00+02:00	7780.0
2022-08-19 08:30:00+02:00	7828.0
2022-08-19 08:45:00+02:00	7874.0
2022-08-19 09:00:00+02:00	7925.0
2022-08-19 09:15:00+02:00	7982.0
2022-08-19 09:30:00+02:00	8042.0
2022-08-19 09:45:00+02:00	8060.0
2022-08-19 10:00:00+02:00	8102.0
2022-08-19 10:15:00+02:00	8175.0
2022-08-19 10:30:00+02:00	8144.0
2022-08-19 10:45:00+02:00	8177.0
2022-08-19 11:00:00+02:00	8192.0
2022-08-19 11:15:00+02:00	8204.0
2022-08-19 11:30:00+02:00	8281.0
2022-08-19 11:45:00+02:00	8264.0
2022-08-19 12:00:00+02:00	8253.0
2022-08-19 12:15:00+02:00	8190.0
2022-08-19 12:30:00+02:00	8122.0
2022-08-19 12:45:00+02:00	8121.0
2022-08-19 13:00:00+02:00	8096.0
2022-08-19 13:15:00+02:00	8005.0
2022-08-19 13:30:00+02:00	7926.0
2022-08-19 13:45:00+02:00	7822.0
2022-08-19 14:00:00+02:00	7814.0
2022-08-19 14:15:00+02:00	7750.0
2022-08-19 14:30:00+02:00	7772.0
2022-08-19 14:45:00+02:00	7736.0
2022-08-19 15:00:00+02:00	7744.0
2022-08-19 15:15:00+02:00	7612.0
2022-08-19 15:30:00+02:00	7567.0
2022-08-19 15:45:00+02:00	7518.0
2022-08-19 16:00:00+02:00	7450.0
2022-08-19 16:15:00+02:00	7448.0
2022-08-19 16:30:00+02:00	7470.0
2022-08-19 16:45:00+02:00	7442.0
2022-08-19 17:00:00+02:00	7436.0
2022-08-19 17:15:00+02:00	7484.0
2022-08-19 17:30:00+02:00	7497.0
2022-08-19 17:45:00+02:00	7492.0
2022-08-19 18:00:00+02:00	7450.0
2022-08-19 18:15:00+02:00	7398.0
2022-08-19 18:30:00+02:00	7344.0
2022-08-19 18:45:00+02:00	7343.0
2022-08-19 19:00:00+02:00	7246.0
2022-08-19 19:15:00+02:00	7176.0
2022-08-19 19:30:00+02:00	7126.0
2022-08-19 19:45:00+02:00	7071.0
2022-08-19 20:00:00+02:00	7028.0
2022-08-19 20:15:00+02:00	6988.0
2022-08-19 20:30:00+02:00	6911.0
2022-08-19 20:45:00+02:00	6815.0
2022-08-19 21:00:00+02:00	6666.0
2022-08-19 21:15:00+02:00	6532.0
2022-08-19 21:30:00+02:00	6350.0
2022-08-19 21:45:00+02:00	6196.0
2022-08-19 22:00:00+02:00	6308.0
2022-08-19 22:15:00+02:00	6207.0
2022-08-19 22:30:00+02:00	6065.0
2022-08-19 22:45:00+02:00	5941.0
2022-08-19 23:00:00+02:00	5850.0
2022-08-19 23:15:00+02:00	5661.0
2022-08-19 23:30:00+02:00	5553.0
2022-08-19 23:45:00+02:00	5482.0
2022-08-20 00:00:00+02:00	5529.0
2022-08-20 00:15:00+02:00	5481.0
2022-08-20 00:30:00+02:00	5385.0
2022-08-20 00:45:00+02:00	5271.0
2022-08-20 01:00:00+02:00	5212.0
2022-08-20 01:15:00+02:00	5174.0
2022-08-20 01:30:00+02:00	5062.0
2022-08-20 01:45:00+02:00	4985.0
2022-08-20 02:00:00+02:00	5074.0
2022-08-20 02:15:00+02:00	4996.0
2022-08-20 02:30:00+02:00	4966.0
2022-08-20 02:45:00+02:00	4920.0
2022-08-20 03:00:00+02:00	4922.0
2022-08-20 03:15:00+02:00	4872.0
2022-08-20 03:30:00+02:00	4886.0
2022-08-20 03:45:00+02:00	4853.0
2022-08-20 04:00:00+02:00	4818.0
2022-08-20 04:15:00+02:00	4868.0
2022-08-20 04:30:00+02:00	4877.0
2022-08-20 04:45:00+02:00	4884.0
2022-08-20 05:00:00+02:00	5002.0
2022-08-20 05:15:00+02:00	5066.0
2022-08-20 05:30:00+02:00	5134.0
2022-08-20 05:45:00+02:00	5227.0
2022-08-20 06:00:00+02:00	5355.0
2022-08-20 06:15:00+02:00	5398.0
2022-08-20 06:30:00+02:00	5456.0
2022-08-20 06:45:00+02:00	5535.0
2022-08-20 07:00:00+02:00	5614.0
2022-08-20 07:15:00+02:00	5700.0
2022-08-20 07:30:00+02:00	5820.0
2022-08-20 07:45:00+02:00	5938.0
2022-08-20 08:00:00+02:00	6111.0
2022-08-20 08:15:00+02:00	6171.0
2022-08-20 08:30:00+02:00	6269.0
2022-08-20 08:45:00+02:00	6400.0
2022-08-20 09:00:00+02:00	6554.0
2022-08-20 09:15:00+02:00	6563.0
2022-08-20 09:30:00+02:00	6618.0
2022-08-20 09:45:00+02:00	6710.0
2022-08-20 10:00:00+02:00	6749.0
2022-08-20 10:15:00+02:00	6756.0
2022-08-20 10:30:00+02:00	6834.0
2022-08-20 10:45:00+02:00	6910.0
2022-08-20 11:00:00+02:00	7013.0
2022-08-20 11:15:00+02:00	7059.0
2022-08-20 11:30:00+02:00	7081.0
2022-08-20 11:45:00+02:00	7081.0
2022-08-20 12:00:00+02:00	6972.0
2022-08-20 12:15:00+02:00	6924.0
2022-08-20 12:30:00+02:00	6874.0
2022-08-20 12:45:00+02:00	6858.0
2022-08-20 13:00:00+02:00	6841.0
2022-08-20 13:15:00+02:00	6784.0
2022-08-20 13:30:00+02:00	6766.0
2022-08-20 13:45:00+02:00	6750.0
2022-08-20 14:00:00+02:00	6729.0
2022-08-20 14:15:00+02:00	6685.0
2022-08-20 14:30:00+02:00	6690.0
2022-08-20 14:45:00+02:00	6606.0
2022-08-20 15:00:00+02:00	6585.0
2022-08-20 15:15:00+02:00	6574.0
2022-08-20 15:30:00+02:00	6542.0
2022-08-20 15:45:00+02:00	6502.0
2022-08-20 16:00:00+02:00	6504.0
2022-08-20 16:15:00+02:00	6485.0
2022-08-20 16:30:00+02:00	6483.0
2022-08-20 16:45:00+02:00	6482.0
2022-08-20 17:00:00+02:00	6533.0
2022-08-20 17:15:00+02:00	6539.0
2022-08-20 17:30:00+02:00	6530.0
2022-08-20 17:45:00+02:00	6528.0
2022-08-20 18:00:00+02:00	6483.0
2022-08-20 18:15:00+02:00	6365.0
2022-08-20 18:30:00+02:00	6269.0
2022-08-20 18:45:00+02:00	6236.0
2022-08-20 19:00:00+02:00	6186.0
2022-08-20 19:15:00+02:00	6166.0
2022-08-20 19:30:00+02:00	6165.0
2022-08-20 19:45:00+02:00	6148.0
2022-08-20 20:00:00+02:00	6136.0
2022-08-20 20:15:00+02:00	6078.0
2022-08-20 20:30:00+02:00	6002.0
2022-08-20 20:45:00+02:00	5908.0
2022-08-20 21:00:00+02:00	5819.0
2022-08-20 21:15:00+02:00	5698.0
2022-08-20 21:30:00+02:00	5637.0
2022-08-20 21:45:00+02:00	5584.0
2022-08-20 22:00:00+02:00	5692.0
2022-08-20 22:15:00+02:00	5603.0
2022-08-20 22:30:00+02:00	5484.0
2022-08-20 22:45:00+02:00	5390.0
2022-08-20 23:00:00+02:00	5305.0
2022-08-20 23:15:00+02:00	5203.0
2022-08-20 23:30:00+02:00	5093.0
2022-08-20 23:45:00+02:00	5020.0
2022-08-21 00:00:00+02:00	5092.0
2022-08-21 00:15:00+02:00	5036.0
2022-08-21 00:30:00+02:00	4918.0
2022-08-21 00:45:00+02:00	4876.0
2022-08-21 01:00:00+02:00	4804.0
2022-08-21 01:15:00+02:00	4730.0
2022-08-21 01:30:00+02:00	4691.0
2022-08-21 01:45:00+02:00	4639.0
2022-08-21 02:00:00+02:00	4707.0
2022-08-21 02:15:00+02:00	4696.0
2022-08-21 02:30:00+02:00	4632.0
2022-08-21 02:45:00+02:00	4576.0
2022-08-21 03:00:00+02:00	4542.0
2022-08-21 03:15:00+02:00	4488.0
2022-08-21 03:30:00+02:00	4468.0
2022-08-21 03:45:00+02:00	4463.0
2022-08-21 04:00:00+02:00	4473.0
2022-08-21 04:15:00+02:00	4451.0
2022-08-21 04:30:00+02:00	4474.0
2022-08-21 04:45:00+02:00	4491.0
2022-08-21 05:00:00+02:00	4572.0
2022-08-21 05:15:00+02:00	4597.0
2022-08-21 05:30:00+02:00	4660.0
2022-08-21 05:45:00+02:00	4698.0
2022-08-21 06:00:00+02:00	4760.0
2022-08-21 06:15:00+02:00	4797.0
2022-08-21 06:30:00+02:00	4843.0
2022-08-21 06:45:00+02:00	4875.0
2022-08-21 07:00:00+02:00	4968.0
2022-08-21 07:15:00+02:00	5047.0
2022-08-21 07:30:00+02:00	5110.0
2022-08-21 07:45:00+02:00	5183.0
2022-08-21 08:00:00+02:00	5350.0
2022-08-21 08:15:00+02:00	5427.0
2022-08-21 08:30:00+02:00	5520.0
2022-08-21 08:45:00+02:00	5622.0
2022-08-21 09:00:00+02:00	5746.0
2022-08-21 09:15:00+02:00	5817.0
2022-08-21 09:30:00+02:00	5890.0
2022-08-21 09:45:00+02:00	5954.0
2022-08-21 10:00:00+02:00	5998.0
2022-08-21 10:15:00+02:00	6094.0
2022-08-21 10:30:00+02:00	6168.0
2022-08-21 10:45:00+02:00	6272.0
2022-08-21 11:00:00+02:00	6293.0
2022-08-21 11:15:00+02:00	6307.0
2022-08-21 11:30:00+02:00	6334.0
2022-08-21 11:45:00+02:00	6298.0
2022-08-21 12:00:00+02:00	6252.0
2022-08-21 12:15:00+02:00	6136.0
2022-08-21 12:30:00+02:00	6066.0
2022-08-21 12:45:00+02:00	5993.0
2022-08-21 13:00:00+02:00	5955.0
2022-08-21 13:15:00+02:00	5895.0
2022-08-21 13:30:00+02:00	5886.0
2022-08-21 13:45:00+02:00	5830.0
2022-08-21 14:00:00+02:00	5792.0
2022-08-21 14:15:00+02:00	5795.0
2022-08-21 14:30:00+02:00	5776.0
2022-08-21 14:45:00+02:00	5770.0
2022-08-21 15:00:00+02:00	5788.0
2022-08-21 15:15:00+02:00	5758.0
2022-08-21 15:30:00+02:00	5728.0
2022-08-21 15:45:00+02:00	5704.0
2022-08-21 16:00:00+02:00	5710.0
2022-08-21 16:15:00+02:00	5666.0
2022-08-21 16:30:00+02:00	5679.0
2022-08-21 16:45:00+02:00	5710.0
2022-08-21 17:00:00+02:00	5713.0
2022-08-21 17:15:00+02:00	5788.0
2022-08-21 17:30:00+02:00	5798.0
2022-08-21 17:45:00+02:00	5814.0
2022-08-21 18:00:00+02:00	5816.0
2022-08-21 18:15:00+02:00	5838.0
2022-08-21 18:30:00+02:00	5849.0
2022-08-21 18:45:00+02:00	5854.0
2022-08-21 19:00:00+02:00	5864.0
2022-08-21 19:15:00+02:00	5877.0
2022-08-21 19:30:00+02:00	5888.0
2022-08-21 19:45:00+02:00	5909.0
2022-08-21 20:00:00+02:00	5975.0
2022-08-21 20:15:00+02:00	5990.0
2022-08-21 20:30:00+02:00	5948.0
2022-08-21 20:45:00+02:00	5842.0
2022-08-21 21:00:00+02:00	5794.0
2022-08-21 21:15:00+02:00	5746.0
2022-08-21 21:30:00+02:00	5689.0
2022-08-21 21:45:00+02:00	5632.0
2022-08-21 22:00:00+02:00	5793.0
2022-08-21 22:15:00+02:00	5745.0
2022-08-21 22:30:00+02:00	5622.0
2022-08-21 22:45:00+02:00	5524.0
2022-08-21 23:00:00+02:00	5475.0
2022-08-21 23:15:00+02:00	5353.0
2022-08-21 23:30:00+02:00	5248.0
2022-08-21 23:45:00+02:00	5206.0
2022-08-22 00:00:00+02:00	5245.0
2022-08-22 00:15:00+02:00	5143.0
2022-08-22 00:30:00+02:00	5095.0
2022-08-22 00:45:00+02:00	5013.0
2022-08-22 01:00:00+02:00	4992.0
2022-08-22 01:15:00+02:00	4970.0
2022-08-22 01:30:00+02:00	4926.0
2022-08-22 01:45:00+02:00	4892.0
2022-08-22 02:00:00+02:00	4994.0
2022-08-22 02:15:00+02:00	4982.0
2022-08-22 02:30:00+02:00	4913.0
2022-08-22 02:45:00+02:00	4887.0
2022-08-22 03:00:00+02:00	4893.0
2022-08-22 03:15:00+02:00	4868.0
2022-08-22 03:30:00+02:00	4855.0
2022-08-22 03:45:00+02:00	4853.0
2022-08-22 04:00:00+02:00	4949.0
2022-08-22 04:15:00+02:00	4950.0
2022-08-22 04:30:00+02:00	4999.0
2022-08-22 04:45:00+02:00	5118.0
2022-08-22 05:00:00+02:00	5316.0
2022-08-22 05:15:00+02:00	5476.0
2022-08-22 05:30:00+02:00	5672.0
2022-08-22 05:45:00+02:00	5880.0
2022-08-22 06:00:00+02:00	6315.0
2022-08-22 06:15:00+02:00	6554.0
2022-08-22 06:30:00+02:00	6646.0
2022-08-22 06:45:00+02:00	6821.0
2022-08-22 07:00:00+02:00	7091.0
2022-08-22 07:15:00+02:00	7258.0
2022-08-22 07:30:00+02:00	7441.0
2022-08-22 07:45:00+02:00	7550.0
2022-08-22 08:00:00+02:00	7766.0
2022-08-22 08:15:00+02:00	7847.0
2022-08-22 08:30:00+02:00	7882.0
2022-08-22 08:45:00+02:00	7933.0
2022-08-22 09:00:00+02:00	7928.0
2022-08-22 09:15:00+02:00	7950.0
2022-08-22 09:30:00+02:00	8019.0
2022-08-22 09:45:00+02:00	8038.0
2022-08-22 10:00:00+02:00	8006.0
2022-08-22 10:15:00+02:00	8053.0
2022-08-22 10:30:00+02:00	8099.0
2022-08-22 10:45:00+02:00	8151.0
2022-08-22 11:00:00+02:00	8192.0
2022-08-22 11:15:00+02:00	8255.0
2022-08-22 11:30:00+02:00	8298.0
2022-08-22 11:45:00+02:00	8241.0
2022-08-22 12:00:00+02:00	8137.0
2022-08-22 12:15:00+02:00	8038.0
2022-08-22 12:30:00+02:00	8058.0
2022-08-22 12:45:00+02:00	8079.0
2022-08-22 13:00:00+02:00	8092.0
2022-08-22 13:15:00+02:00	8122.0
2022-08-22 13:30:00+02:00	8070.0
2022-08-22 13:45:00+02:00	8074.0
2022-08-22 14:00:00+02:00	8050.0
2022-08-22 14:15:00+02:00	8031.0
2022-08-22 14:30:00+02:00	8016.0
2022-08-22 14:45:00+02:00	7978.0
2022-08-22 15:00:00+02:00	7928.0
2022-08-22 15:15:00+02:00	7863.0
2022-08-22 15:30:00+02:00	7830.0
2022-08-22 15:45:00+02:00	7813.0
2022-08-22 16:00:00+02:00	7750.0
2022-08-22 16:15:00+02:00	7694.0
2022-08-22 16:30:00+02:00	7644.0
2022-08-22 16:45:00+02:00	7576.0
2022-08-22 17:00:00+02:00	7549.0
2022-08-22 17:15:00+02:00	7588.0
2022-08-22 17:30:00+02:00	7619.0
2022-08-22 17:45:00+02:00	7588.0
2022-08-22 18:00:00+02:00	7476.0
2022-08-22 18:15:00+02:00	7481.0
2022-08-22 18:30:00+02:00	7472.0
2022-08-22 18:45:00+02:00	7434.0
2022-08-22 19:00:00+02:00	7391.0
2022-08-22 19:15:00+02:00	7352.0
2022-08-22 19:30:00+02:00	7319.0
2022-08-22 19:45:00+02:00	7297.0
2022-08-22 20:00:00+02:00	7272.0
2022-08-22 20:15:00+02:00	7224.0
2022-08-22 20:30:00+02:00	7108.0
2022-08-22 20:45:00+02:00	6950.0
2022-08-22 21:00:00+02:00	6869.0
2022-08-22 21:15:00+02:00	6733.0
2022-08-22 21:30:00+02:00	6612.0
2022-08-22 21:45:00+02:00	6431.0
2022-08-22 22:00:00+02:00	6456.0
2022-08-22 22:15:00+02:00	6346.0
2022-08-22 22:30:00+02:00	6204.0
2022-08-22 22:45:00+02:00	6063.0
2022-08-22 23:00:00+02:00	5935.0
2022-08-22 23:15:00+02:00	5854.0
2022-08-22 23:30:00+02:00	5760.0
2022-08-22 23:45:00+02:00	5675.0
2022-08-23 00:00:00+02:00	5702.0
2022-08-23 00:15:00+02:00	5609.0
2022-08-23 00:30:00+02:00	5524.0
2022-08-23 00:45:00+02:00	5430.0
2022-08-23 01:00:00+02:00	5321.0
2022-08-23 01:15:00+02:00	5240.0
2022-08-23 01:30:00+02:00	5234.0
2022-08-23 01:45:00+02:00	5192.0
2022-08-23 02:00:00+02:00	5223.0
2022-08-23 02:15:00+02:00	5181.0
2022-08-23 02:30:00+02:00	5122.0
2022-08-23 02:45:00+02:00	5064.0
2022-08-23 03:00:00+02:00	5056.0
2022-08-23 03:15:00+02:00	5015.0
2022-08-23 03:30:00+02:00	5018.0
2022-08-23 03:45:00+02:00	5034.0
2022-08-23 04:00:00+02:00	5077.0
2022-08-23 04:15:00+02:00	5106.0
2022-08-23 04:30:00+02:00	5116.0
2022-08-23 04:45:00+02:00	5178.0
2022-08-23 05:00:00+02:00	5425.0
2022-08-23 05:15:00+02:00	5546.0
2022-08-23 05:30:00+02:00	5744.0
2022-08-23 05:45:00+02:00	5950.0
2022-08-23 06:00:00+02:00	6343.0
2022-08-23 06:15:00+02:00	6579.0
2022-08-23 06:30:00+02:00	6754.0
2022-08-23 06:45:00+02:00	6940.0
2022-08-23 07:00:00+02:00	7214.0
2022-08-23 07:15:00+02:00	7396.0
2022-08-23 07:30:00+02:00	7553.0
2022-08-23 07:45:00+02:00	7680.0
2022-08-23 08:00:00+02:00	7842.0
2022-08-23 08:15:00+02:00	7934.0
2022-08-23 08:30:00+02:00	8014.0
2022-08-23 08:45:00+02:00	8025.0
2022-08-23 09:00:00+02:00	7951.0
2022-08-23 09:15:00+02:00	7954.0
2022-08-23 09:30:00+02:00	7991.0
2022-08-23 09:45:00+02:00	7978.0
2022-08-23 10:00:00+02:00	7991.0
2022-08-23 10:15:00+02:00	8044.0
2022-08-23 10:30:00+02:00	8153.0
2022-08-23 10:45:00+02:00	8184.0
2022-08-23 11:00:00+02:00	8234.0
2022-08-23 11:15:00+02:00	8254.0
2022-08-23 11:30:00+02:00	8301.0
2022-08-23 11:45:00+02:00	8254.0
2022-08-23 12:00:00+02:00	8150.0
2022-08-23 12:15:00+02:00	8008.0
2022-08-23 12:30:00+02:00	7965.0
2022-08-23 12:45:00+02:00	7906.0
2022-08-23 13:00:00+02:00	7934.0
2022-08-23 13:15:00+02:00	7920.0
2022-08-23 13:30:00+02:00	7817.0
2022-08-23 13:45:00+02:00	7801.0
2022-08-23 14:00:00+02:00	7744.0
2022-08-23 14:15:00+02:00	7665.0
2022-08-23 14:30:00+02:00	7648.0
2022-08-23 14:45:00+02:00	7608.0
2022-08-23 15:00:00+02:00	7616.0
2022-08-23 15:15:00+02:00	7572.0
2022-08-23 15:30:00+02:00	7521.0
2022-08-23 15:45:00+02:00	7512.0
2022-08-23 16:00:00+02:00	7487.0
2022-08-23 16:15:00+02:00	7493.0
2022-08-23 16:30:00+02:00	7496.0
2022-08-23 16:45:00+02:00	7487.0
2022-08-23 17:00:00+02:00	7461.0
2022-08-23 17:15:00+02:00	7502.0
2022-08-23 17:30:00+02:00	7530.0
2022-08-23 17:45:00+02:00	7503.0
2022-08-23 18:00:00+02:00	7473.0
2022-08-23 18:15:00+02:00	7482.0
2022-08-23 18:30:00+02:00	7479.0
2022-08-23 18:45:00+02:00	7509.0
2022-08-23 19:00:00+02:00	7432.0
2022-08-23 19:15:00+02:00	7354.0
2022-08-23 19:30:00+02:00	7324.0
2022-08-23 19:45:00+02:00	7273.0
2022-08-23 20:00:00+02:00	7219.0
2022-08-23 20:15:00+02:00	7168.0
2022-08-23 20:30:00+02:00	7094.0
2022-08-23 20:45:00+02:00	6987.0
2022-08-23 21:00:00+02:00	6852.0
2022-08-23 21:15:00+02:00	6727.0
2022-08-23 21:30:00+02:00	6552.0
2022-08-23 21:45:00+02:00	6355.0
2022-08-23 22:00:00+02:00	6428.0
2022-08-23 22:15:00+02:00	6286.0
2022-08-23 22:30:00+02:00	6116.0
2022-08-23 22:45:00+02:00	5998.0
2022-08-23 23:00:00+02:00	5876.0
2022-08-23 23:15:00+02:00	5709.0
2022-08-23 23:30:00+02:00	5621.0
2022-08-23 23:45:00+02:00	5531.0
2022-08-24 00:00:00+02:00	5590.0
2022-08-24 00:15:00+02:00	5535.0
2022-08-24 00:30:00+02:00	5435.0
2022-08-24 00:45:00+02:00	5278.0
2022-08-24 01:00:00+02:00	5307.0
2022-08-24 01:15:00+02:00	5274.0
2022-08-24 01:30:00+02:00	5201.0
2022-08-24 01:45:00+02:00	5173.0
2022-08-24 02:00:00+02:00	5182.0
2022-08-24 02:15:00+02:00	5157.0
2022-08-24 02:30:00+02:00	5125.0
2022-08-24 02:45:00+02:00	5072.0
2022-08-24 03:00:00+02:00	5033.0
2022-08-24 03:15:00+02:00	5011.0
2022-08-24 03:30:00+02:00	5015.0
2022-08-24 03:45:00+02:00	4994.0
2022-08-24 04:00:00+02:00	5056.0
2022-08-24 04:15:00+02:00	5079.0
2022-08-24 04:30:00+02:00	5116.0
2022-08-24 04:45:00+02:00	5221.0
2022-08-24 05:00:00+02:00	5465.0
2022-08-24 05:15:00+02:00	5602.0
2022-08-24 05:30:00+02:00	5787.0
2022-08-24 05:45:00+02:00	5966.0
2022-08-24 06:00:00+02:00	6360.0
2022-08-24 06:15:00+02:00	6516.0
2022-08-24 06:30:00+02:00	6659.0
2022-08-24 06:45:00+02:00	6874.0
2022-08-24 07:00:00+02:00	7078.0
2022-08-24 07:15:00+02:00	7260.0
2022-08-24 07:30:00+02:00	7358.0
2022-08-24 07:45:00+02:00	7444.0
2022-08-24 08:00:00+02:00	7590.0
2022-08-24 08:15:00+02:00	7649.0
2022-08-24 08:30:00+02:00	7639.0
2022-08-24 08:45:00+02:00	7642.0
2022-08-24 09:00:00+02:00	7614.0
2022-08-24 09:15:00+02:00	7610.0
2022-08-24 09:30:00+02:00	7677.0
2022-08-24 09:45:00+02:00	7691.0
2022-08-24 10:00:00+02:00	7660.0
2022-08-24 10:15:00+02:00	7679.0
2022-08-24 10:30:00+02:00	7772.0
2022-08-24 10:45:00+02:00	7785.0
2022-08-24 11:00:00+02:00	7789.0
2022-08-24 11:15:00+02:00	7839.0
2022-08-24 11:30:00+02:00	7867.0
2022-08-24 11:45:00+02:00	7860.0
2022-08-24 12:00:00+02:00	7756.0
2022-08-24 12:15:00+02:00	7648.0
2022-08-24 12:30:00+02:00	7625.0
2022-08-24 12:45:00+02:00	7599.0
2022-08-24 13:00:00+02:00	7668.0
2022-08-24 13:15:00+02:00	7670.0
2022-08-24 13:30:00+02:00	7673.0
2022-08-24 13:45:00+02:00	7613.0
2022-08-24 14:00:00+02:00	7617.0
2022-08-24 14:15:00+02:00	7564.0
2022-08-24 14:30:00+02:00	7540.0
2022-08-24 14:45:00+02:00	7499.0
2022-08-24 15:00:00+02:00	7526.0
2022-08-24 15:15:00+02:00	7525.0
2022-08-24 15:30:00+02:00	7510.0
2022-08-24 15:45:00+02:00	7467.0
2022-08-24 16:00:00+02:00	7428.0
2022-08-24 16:15:00+02:00	7484.0
2022-08-24 16:30:00+02:00	7495.0
2022-08-24 16:45:00+02:00	7466.0
2022-08-24 17:00:00+02:00	7445.0
2022-08-24 17:15:00+02:00	7460.0
2022-08-24 17:30:00+02:00	7486.0
2022-08-24 17:45:00+02:00	7481.0
2022-08-24 18:00:00+02:00	7388.0
2022-08-24 18:15:00+02:00	7493.0
2022-08-24 18:30:00+02:00	7534.0
2022-08-24 18:45:00+02:00	7502.0
2022-08-24 19:00:00+02:00	7437.0
2022-08-24 19:15:00+02:00	7360.0
2022-08-24 19:30:00+02:00	7312.0
2022-08-24 19:45:00+02:00	7304.0
2022-08-24 20:00:00+02:00	7308.0
2022-08-24 20:15:00+02:00	7324.0
2022-08-24 20:30:00+02:00	7236.0
2022-08-24 20:45:00+02:00	7094.0
2022-08-24 21:00:00+02:00	6898.0
2022-08-24 21:15:00+02:00	6780.0
2022-08-24 21:30:00+02:00	6687.0
2022-08-24 21:45:00+02:00	6505.0
2022-08-24 22:00:00+02:00	6564.0
2022-08-24 22:15:00+02:00	6434.0
2022-08-24 22:30:00+02:00	6258.0
2022-08-24 22:45:00+02:00	6131.0
2022-08-24 23:00:00+02:00	6060.0
2022-08-24 23:15:00+02:00	5964.0
2022-08-24 23:30:00+02:00	5851.0
2022-08-24 23:45:00+02:00	5791.0
2022-08-25 00:00:00+02:00	5762.0
2022-08-25 00:15:00+02:00	5720.0
2022-08-25 00:30:00+02:00	5640.0
2022-08-25 00:45:00+02:00	5466.0
2022-08-25 01:00:00+02:00	5410.0
2022-08-25 01:15:00+02:00	5396.0
2022-08-25 01:30:00+02:00	5341.0
2022-08-25 01:45:00+02:00	5303.0
2022-08-25 02:00:00+02:00	5362.0
2022-08-25 02:15:00+02:00	5246.0
2022-08-25 02:30:00+02:00	5242.0
2022-08-25 02:45:00+02:00	5230.0
2022-08-25 03:00:00+02:00	5215.0
2022-08-25 03:15:00+02:00	5186.0
2022-08-25 03:30:00+02:00	5189.0
2022-08-25 03:45:00+02:00	5163.0
2022-08-25 04:00:00+02:00	5196.0
2022-08-25 04:15:00+02:00	5266.0
2022-08-25 04:30:00+02:00	5292.0
2022-08-25 04:45:00+02:00	5376.0
2022-08-25 05:00:00+02:00	5577.0
2022-08-25 05:15:00+02:00	5709.0
2022-08-25 05:30:00+02:00	5935.0
2022-08-25 05:45:00+02:00	6134.0
2022-08-25 06:00:00+02:00	6484.0
2022-08-25 06:15:00+02:00	6705.0
2022-08-25 06:30:00+02:00	6833.0
2022-08-25 06:45:00+02:00	7037.0
2022-08-25 07:00:00+02:00	7276.0
2022-08-25 07:15:00+02:00	7439.0
2022-08-25 07:30:00+02:00	7569.0
2022-08-25 07:45:00+02:00	7683.0
2022-08-25 08:00:00+02:00	7842.0
2022-08-25 08:15:00+02:00	7894.0
2022-08-25 08:30:00+02:00	7912.0
2022-08-25 08:45:00+02:00	7952.0
2022-08-25 09:00:00+02:00	7982.0
2022-08-25 09:15:00+02:00	7991.0
2022-08-25 09:30:00+02:00	8053.0
2022-08-25 09:45:00+02:00	8058.0
2022-08-25 10:00:00+02:00	8074.0
2022-08-25 10:15:00+02:00	8082.0
2022-08-25 10:30:00+02:00	8110.0
2022-08-25 10:45:00+02:00	8122.0
2022-08-25 11:00:00+02:00	8144.0
2022-08-25 11:15:00+02:00	8168.0
2022-08-25 11:30:00+02:00	8161.0
2022-08-25 11:45:00+02:00	8138.0
2022-08-25 12:00:00+02:00	8034.0
2022-08-25 12:15:00+02:00	7865.0
2022-08-25 12:30:00+02:00	7790.0
2022-08-25 12:45:00+02:00	7781.0
2022-08-25 13:00:00+02:00	7770.0
2022-08-25 13:15:00+02:00	7778.0
2022-08-25 13:30:00+02:00	7715.0
2022-08-25 13:45:00+02:00	7595.0
2022-08-25 14:00:00+02:00	7627.0
2022-08-25 14:15:00+02:00	7659.0
2022-08-25 14:30:00+02:00	7600.0
2022-08-25 14:45:00+02:00	7558.0
2022-08-25 15:00:00+02:00	7604.0
2022-08-25 15:15:00+02:00	7597.0
2022-08-25 15:30:00+02:00	7556.0
2022-08-25 15:45:00+02:00	7505.0
2022-08-25 16:00:00+02:00	7502.0
2022-08-25 16:15:00+02:00	7542.0
2022-08-25 16:30:00+02:00	7530.0
2022-08-25 16:45:00+02:00	7566.0
2022-08-25 17:00:00+02:00	7539.0
2022-08-25 17:15:00+02:00	7576.0
2022-08-25 17:30:00+02:00	7592.0
2022-08-25 17:45:00+02:00	7594.0
2022-08-25 18:00:00+02:00	7601.0
2022-08-25 18:15:00+02:00	7600.0
2022-08-25 18:30:00+02:00	7599.0
2022-08-25 18:45:00+02:00	7611.0
2022-08-25 19:00:00+02:00	7586.0
2022-08-25 19:15:00+02:00	7557.0
2022-08-25 19:30:00+02:00	7460.0
2022-08-25 19:45:00+02:00	7448.0
2022-08-25 20:00:00+02:00	7490.0
2022-08-25 20:15:00+02:00	7431.0
2022-08-25 20:30:00+02:00	7366.0
2022-08-25 20:45:00+02:00	7260.0
2022-08-25 21:00:00+02:00	7141.0
2022-08-25 21:15:00+02:00	6977.0
2022-08-25 21:30:00+02:00	6786.0
2022-08-25 21:45:00+02:00	6624.0
2022-08-25 22:00:00+02:00	6699.0
2022-08-25 22:15:00+02:00	6591.0
2022-08-25 22:30:00+02:00	6429.0
2022-08-25 22:45:00+02:00	6320.0
2022-08-25 23:00:00+02:00	6177.0
2022-08-25 23:15:00+02:00	6044.0
2022-08-25 23:30:00+02:00	5963.0
2022-08-25 23:45:00+02:00	5896.0
2022-08-26 00:00:00+02:00	5983.0
2022-08-26 00:15:00+02:00	5850.0
2022-08-26 00:30:00+02:00	5795.0
2022-08-26 00:45:00+02:00	5691.0
2022-08-26 01:00:00+02:00	5615.0
2022-08-26 01:15:00+02:00	5509.0
2022-08-26 01:30:00+02:00	5467.0
2022-08-26 01:45:00+02:00	5401.0
2022-08-26 02:00:00+02:00	5414.0
2022-08-26 02:15:00+02:00	5362.0
2022-08-26 02:30:00+02:00	5336.0
2022-08-26 02:45:00+02:00	5300.0
2022-08-26 03:00:00+02:00	5309.0
2022-08-26 03:15:00+02:00	5232.0
2022-08-26 03:30:00+02:00	5206.0
2022-08-26 03:45:00+02:00	5256.0
2022-08-26 04:00:00+02:00	5324.0
2022-08-26 04:15:00+02:00	5325.0
2022-08-26 04:30:00+02:00	5323.0
2022-08-26 04:45:00+02:00	5452.0
2022-08-26 05:00:00+02:00	5627.0
2022-08-26 05:15:00+02:00	5792.0
2022-08-26 05:30:00+02:00	5913.0
2022-08-26 05:45:00+02:00	6114.0
2022-08-26 06:00:00+02:00	6494.0
2022-08-26 06:15:00+02:00	6658.0
2022-08-26 06:30:00+02:00	6785.0
2022-08-26 06:45:00+02:00	6940.0
2022-08-26 07:00:00+02:00	7140.0
2022-08-26 07:15:00+02:00	7303.0
2022-08-26 07:30:00+02:00	7450.0
2022-08-26 07:45:00+02:00	7549.0
2022-08-26 08:00:00+02:00	7707.0
2022-08-26 08:15:00+02:00	7749.0
2022-08-26 08:30:00+02:00	7808.0
2022-08-26 08:45:00+02:00	7839.0
2022-08-26 09:00:00+02:00	7827.0
2022-08-26 09:15:00+02:00	7854.0
2022-08-26 09:30:00+02:00	7890.0
2022-08-26 09:45:00+02:00	7922.0
2022-08-26 10:00:00+02:00	7936.0
2022-08-26 10:15:00+02:00	7901.0
2022-08-26 10:30:00+02:00	7889.0
2022-08-26 10:45:00+02:00	7944.0
2022-08-26 11:00:00+02:00	7950.0
2022-08-26 11:15:00+02:00	7950.0
2022-08-26 11:30:00+02:00	7950.0
2022-08-26 11:45:00+02:00	7862.0
2022-08-26 12:00:00+02:00	7756.0
2022-08-26 12:15:00+02:00	7693.0
2022-08-26 12:30:00+02:00	7576.0
2022-08-26 12:45:00+02:00	7501.0
2022-08-26 13:00:00+02:00	7544.0
2022-08-26 13:15:00+02:00	7447.0
2022-08-26 13:30:00+02:00	7356.0
2022-08-26 13:45:00+02:00	7347.0
2022-08-26 14:00:00+02:00	7338.0
2022-08-26 14:15:00+02:00	7318.0
2022-08-26 14:30:00+02:00	7286.0
2022-08-26 14:45:00+02:00	7269.0
2022-08-26 15:00:00+02:00	7332.0
2022-08-26 15:15:00+02:00	7297.0
2022-08-26 15:30:00+02:00	7305.0
2022-08-26 15:45:00+02:00	7258.0
2022-08-26 16:00:00+02:00	7276.0
2022-08-26 16:15:00+02:00	7290.0
2022-08-26 16:30:00+02:00	7348.0
2022-08-26 16:45:00+02:00	7404.0
2022-08-26 17:00:00+02:00	7392.0
2022-08-26 17:15:00+02:00	7432.0
2022-08-26 17:30:00+02:00	7462.0
2022-08-26 17:45:00+02:00	7505.0
2022-08-26 18:00:00+02:00	7418.0
2022-08-26 18:15:00+02:00	7421.0
2022-08-26 18:30:00+02:00	7432.0
2022-08-26 18:45:00+02:00	7428.0
2022-08-26 19:00:00+02:00	7345.0
2022-08-26 19:15:00+02:00	7293.0
2022-08-26 19:30:00+02:00	7246.0
2022-08-26 19:45:00+02:00	7236.0
2022-08-26 20:00:00+02:00	7186.0
2022-08-26 20:15:00+02:00	7121.0
2022-08-26 20:30:00+02:00	7024.0
2022-08-26 20:45:00+02:00	6895.0
2022-08-26 21:00:00+02:00	6732.0
2022-08-26 21:15:00+02:00	6547.0
2022-08-26 21:30:00+02:00	6417.0
2022-08-26 21:45:00+02:00	6262.0
2022-08-26 22:00:00+02:00	6344.0
2022-08-26 22:15:00+02:00	6280.0
2022-08-26 22:30:00+02:00	6115.0
2022-08-26 22:45:00+02:00	5957.0
2022-08-26 23:00:00+02:00	5840.0
2022-08-26 23:15:00+02:00	5726.0
2022-08-26 23:30:00+02:00	5596.0
2022-08-26 23:45:00+02:00	5568.0
2022-08-27 00:00:00+02:00	5618.0
2022-08-27 00:15:00+02:00	5493.0
2022-08-27 00:30:00+02:00	5435.0
2022-08-27 00:45:00+02:00	5312.0
2022-08-27 01:00:00+02:00	5252.0
2022-08-27 01:15:00+02:00	5211.0
2022-08-27 01:30:00+02:00	5157.0
2022-08-27 01:45:00+02:00	5098.0
2022-08-27 02:00:00+02:00	5140.0
2022-08-27 02:15:00+02:00	5073.0
2022-08-27 02:30:00+02:00	5002.0
2022-08-27 02:45:00+02:00	4944.0
2022-08-27 03:00:00+02:00	4910.0
2022-08-27 03:15:00+02:00	4877.0
2022-08-27 03:30:00+02:00	4867.0
2022-08-27 03:45:00+02:00	4825.0
2022-08-27 04:00:00+02:00	4820.0
2022-08-27 04:15:00+02:00	4840.0
2022-08-27 04:30:00+02:00	4848.0
2022-08-27 04:45:00+02:00	4870.0
2022-08-27 05:00:00+02:00	4953.0
2022-08-27 05:15:00+02:00	5020.0
2022-08-27 05:30:00+02:00	5065.0
2022-08-27 05:45:00+02:00	5210.0
2022-08-27 06:00:00+02:00	5287.0
2022-08-27 06:15:00+02:00	5376.0
2022-08-27 06:30:00+02:00	5481.0
2022-08-27 06:45:00+02:00	5548.0
2022-08-27 07:00:00+02:00	5701.0
2022-08-27 07:15:00+02:00	5736.0
2022-08-27 07:30:00+02:00	5838.0
2022-08-27 07:45:00+02:00	5900.0
2022-08-27 08:00:00+02:00	6063.0
2022-08-27 08:15:00+02:00	6170.0
2022-08-27 08:30:00+02:00	6298.0
2022-08-27 08:45:00+02:00	6315.0
2022-08-27 09:00:00+02:00	6381.0
2022-08-27 09:15:00+02:00	6436.0
2022-08-27 09:30:00+02:00	6446.0
2022-08-27 09:45:00+02:00	6505.0
2022-08-27 10:00:00+02:00	6535.0
2022-08-27 10:15:00+02:00	6558.0
2022-08-27 10:30:00+02:00	6562.0
2022-08-27 10:45:00+02:00	6590.0
2022-08-27 11:00:00+02:00	6637.0
2022-08-27 11:15:00+02:00	6694.0
2022-08-27 11:30:00+02:00	6728.0
2022-08-27 11:45:00+02:00	6668.0
2022-08-27 12:00:00+02:00	6610.0
2022-08-27 12:15:00+02:00	6526.0
2022-08-27 12:30:00+02:00	6479.0
2022-08-27 12:45:00+02:00	6441.0
2022-08-27 13:00:00+02:00	6426.0
2022-08-27 13:15:00+02:00	6348.0
2022-08-27 13:30:00+02:00	6342.0
2022-08-27 13:45:00+02:00	6326.0
2022-08-27 14:00:00+02:00	6300.0
2022-08-27 14:15:00+02:00	6286.0
2022-08-27 14:30:00+02:00	6294.0
2022-08-27 14:45:00+02:00	6324.0
2022-08-27 15:00:00+02:00	6342.0
2022-08-27 15:15:00+02:00	6338.0
2022-08-27 15:30:00+02:00	6365.0
2022-08-27 15:45:00+02:00	6393.0
2022-08-27 16:00:00+02:00	6395.0
2022-08-27 16:15:00+02:00	6433.0
2022-08-27 16:30:00+02:00	6426.0
2022-08-27 16:45:00+02:00	6408.0
2022-08-27 17:00:00+02:00	6476.0
2022-08-27 17:15:00+02:00	6496.0
2022-08-27 17:30:00+02:00	6496.0
2022-08-27 17:45:00+02:00	6546.0
2022-08-27 18:00:00+02:00	6502.0
2022-08-27 18:15:00+02:00	6392.0
2022-08-27 18:30:00+02:00	6345.0
2022-08-27 18:45:00+02:00	6328.0
2022-08-27 19:00:00+02:00	6313.0
2022-08-27 19:15:00+02:00	6266.0
2022-08-27 19:30:00+02:00	6272.0
2022-08-27 19:45:00+02:00	6295.0
2022-08-27 20:00:00+02:00	6297.0
2022-08-27 20:15:00+02:00	6232.0
2022-08-27 20:30:00+02:00	6134.0
2022-08-27 20:45:00+02:00	6036.0
2022-08-27 21:00:00+02:00	5874.0
2022-08-27 21:15:00+02:00	5769.0
2022-08-27 21:30:00+02:00	5691.0
2022-08-27 21:45:00+02:00	5620.0
2022-08-27 22:00:00+02:00	5730.0
2022-08-27 22:15:00+02:00	5658.0
2022-08-27 22:30:00+02:00	5496.0
2022-08-27 22:45:00+02:00	5383.0
2022-08-27 23:00:00+02:00	5323.0
2022-08-27 23:15:00+02:00	5210.0
2022-08-27 23:30:00+02:00	5092.0
2022-08-27 23:45:00+02:00	5031.0
2022-08-28 00:00:00+02:00	5078.0
2022-08-28 00:15:00+02:00	5021.0
2022-08-28 00:30:00+02:00	4940.0
2022-08-28 00:45:00+02:00	4855.0
2022-08-28 01:00:00+02:00	4831.0
2022-08-28 01:15:00+02:00	4742.0
2022-08-28 01:30:00+02:00	4704.0
2022-08-28 01:45:00+02:00	4655.0
2022-08-28 02:00:00+02:00	4748.0
2022-08-28 02:15:00+02:00	4682.0
2022-08-28 02:30:00+02:00	4600.0
2022-08-28 02:45:00+02:00	4554.0
2022-08-28 03:00:00+02:00	4522.0
2022-08-28 03:15:00+02:00	4507.0
2022-08-28 03:30:00+02:00	4520.0
2022-08-28 03:45:00+02:00	4492.0
2022-08-28 04:00:00+02:00	4451.0
2022-08-28 04:15:00+02:00	4438.0
2022-08-28 04:30:00+02:00	4463.0
2022-08-28 04:45:00+02:00	4482.0
2022-08-28 05:00:00+02:00	4560.0
2022-08-28 05:15:00+02:00	4584.0
2022-08-28 05:30:00+02:00	4635.0
2022-08-28 05:45:00+02:00	4659.0
2022-08-28 06:00:00+02:00	4785.0
2022-08-28 06:15:00+02:00	4840.0
2022-08-28 06:30:00+02:00	4910.0
2022-08-28 06:45:00+02:00	4979.0
2022-08-28 07:00:00+02:00	5080.0
2022-08-28 07:15:00+02:00	5147.0
2022-08-28 07:30:00+02:00	5227.0
2022-08-28 07:45:00+02:00	5317.0
2022-08-28 08:00:00+02:00	5427.0
2022-08-28 08:15:00+02:00	5506.0
2022-08-28 08:30:00+02:00	5603.0
2022-08-28 08:45:00+02:00	5665.0
2022-08-28 09:00:00+02:00	5803.0
2022-08-28 09:15:00+02:00	5875.0
2022-08-28 09:30:00+02:00	5964.0
2022-08-28 09:45:00+02:00	6029.0
2022-08-28 10:00:00+02:00	6078.0
2022-08-28 10:15:00+02:00	6139.0
2022-08-28 10:30:00+02:00	6203.0
2022-08-28 10:45:00+02:00	6266.0
2022-08-28 11:00:00+02:00	6340.0
2022-08-28 11:15:00+02:00	6361.0
2022-08-28 11:30:00+02:00	6324.0
2022-08-28 11:45:00+02:00	6250.0
2022-08-28 12:00:00+02:00	6192.0
2022-08-28 12:15:00+02:00	6094.0
2022-08-28 12:30:00+02:00	6049.0
2022-08-28 12:45:00+02:00	5976.0
2022-08-28 13:00:00+02:00	5942.0
2022-08-28 13:15:00+02:00	5920.0
2022-08-28 13:30:00+02:00	5857.0
2022-08-28 13:45:00+02:00	5845.0
2022-08-28 14:00:00+02:00	5792.0
2022-08-28 14:15:00+02:00	5753.0
2022-08-28 14:30:00+02:00	5768.0
2022-08-28 14:45:00+02:00	5736.0
2022-08-28 15:00:00+02:00	5740.0
2022-08-28 15:15:00+02:00	5788.0
2022-08-28 15:30:00+02:00	5795.0
2022-08-28 15:45:00+02:00	5816.0
2022-08-28 16:00:00+02:00	5851.0
2022-08-28 16:15:00+02:00	5851.0
2022-08-28 16:30:00+02:00	5870.0
2022-08-28 16:45:00+02:00	5866.0
2022-08-28 17:00:00+02:00	5935.0
2022-08-28 17:15:00+02:00	6006.0
2022-08-28 17:30:00+02:00	6019.0
2022-08-28 17:45:00+02:00	6068.0
2022-08-28 18:00:00+02:00	6068.0
2022-08-28 18:15:00+02:00	6048.0
2022-08-28 18:30:00+02:00	5996.0
2022-08-28 18:45:00+02:00	6023.0
2022-08-28 19:00:00+02:00	6067.0
2022-08-28 19:15:00+02:00	6068.0
2022-08-28 19:30:00+02:00	6065.0
2022-08-28 19:45:00+02:00	6082.0
2022-08-28 20:00:00+02:00	6109.0
2022-08-28 20:15:00+02:00	6059.0
2022-08-28 20:30:00+02:00	6002.0
2022-08-28 20:45:00+02:00	5901.0
2022-08-28 21:00:00+02:00	5803.0
2022-08-28 21:15:00+02:00	5726.0
2022-08-28 21:30:00+02:00	5697.0
2022-08-28 21:45:00+02:00	5639.0
2022-08-28 22:00:00+02:00	5790.0
2022-08-28 22:15:00+02:00	5784.0
2022-08-28 22:30:00+02:00	5669.0
2022-08-28 22:45:00+02:00	5573.0
2022-08-28 23:00:00+02:00	5502.0
2022-08-28 23:15:00+02:00	5383.0
2022-08-28 23:30:00+02:00	5281.0
2022-08-28 23:45:00+02:00	5269.0
2022-08-29 00:00:00+02:00	5394.0
2022-08-29 00:15:00+02:00	5346.0
2022-08-29 00:30:00+02:00	5262.0
2022-08-29 00:45:00+02:00	5184.0
2022-08-29 01:00:00+02:00	5137.0
2022-08-29 01:15:00+02:00	5033.0
2022-08-29 01:30:00+02:00	5004.0
2022-08-29 01:45:00+02:00	4964.0
2022-08-29 02:00:00+02:00	5053.0
2022-08-29 02:15:00+02:00	5029.0
2022-08-29 02:30:00+02:00	4962.0
2022-08-29 02:45:00+02:00	4930.0
2022-08-29 03:00:00+02:00	4925.0
2022-08-29 03:15:00+02:00	4867.0
2022-08-29 03:30:00+02:00	4868.0
2022-08-29 03:45:00+02:00	4948.0
2022-08-29 04:00:00+02:00	5014.0
2022-08-29 04:15:00+02:00	5002.0
2022-08-29 04:30:00+02:00	5080.0
2022-08-29 04:45:00+02:00	5184.0
2022-08-29 05:00:00+02:00	5422.0
2022-08-29 05:15:00+02:00	5564.0
2022-08-29 05:30:00+02:00	5804.0
2022-08-29 05:45:00+02:00	6024.0
2022-08-29 06:00:00+02:00	6391.0
2022-08-29 06:15:00+02:00	6631.0
2022-08-29 06:30:00+02:00	6812.0
2022-08-29 06:45:00+02:00	6962.0
2022-08-29 07:00:00+02:00	7182.0
2022-08-29 07:15:00+02:00	7428.0
2022-08-29 07:30:00+02:00	7569.0
2022-08-29 07:45:00+02:00	7684.0
2022-08-29 08:00:00+02:00	7787.0
2022-08-29 08:15:00+02:00	7866.0
2022-08-29 08:30:00+02:00	7885.0
2022-08-29 08:45:00+02:00	7906.0
2022-08-29 09:00:00+02:00	7853.0
2022-08-29 09:15:00+02:00	7886.0
2022-08-29 09:30:00+02:00	7897.0
2022-08-29 09:45:00+02:00	7911.0
2022-08-29 10:00:00+02:00	7922.0
2022-08-29 10:15:00+02:00	7958.0
2022-08-29 10:30:00+02:00	7958.0
2022-08-29 10:45:00+02:00	7938.0
2022-08-29 11:00:00+02:00	7987.0
2022-08-29 11:15:00+02:00	8042.0
2022-08-29 11:30:00+02:00	8031.0
2022-08-29 11:45:00+02:00	7971.0
2022-08-29 12:00:00+02:00	7873.0
2022-08-29 12:15:00+02:00	7779.0
2022-08-29 12:30:00+02:00	7739.0
2022-08-29 12:45:00+02:00	7672.0
2022-08-29 13:00:00+02:00	7731.0
2022-08-29 13:15:00+02:00	7711.0
2022-08-29 13:30:00+02:00	7654.0
2022-08-29 13:45:00+02:00	7603.0
2022-08-29 14:00:00+02:00	7600.0
2022-08-29 14:15:00+02:00	7570.0
2022-08-29 14:30:00+02:00	7577.0
2022-08-29 14:45:00+02:00	7524.0
2022-08-29 15:00:00+02:00	7543.0
2022-08-29 15:15:00+02:00	7499.0
2022-08-29 15:30:00+02:00	7512.0
2022-08-29 15:45:00+02:00	7483.0
2022-08-29 16:00:00+02:00	7473.0
2022-08-29 16:15:00+02:00	7450.0
2022-08-29 16:30:00+02:00	7470.0
2022-08-29 16:45:00+02:00	7443.0
2022-08-29 17:00:00+02:00	7439.0
2022-08-29 17:15:00+02:00	7496.0
2022-08-29 17:30:00+02:00	7482.0
2022-08-29 17:45:00+02:00	7490.0
2022-08-29 18:00:00+02:00	7412.0
2022-08-29 18:15:00+02:00	7443.0
2022-08-29 18:30:00+02:00	7457.0
2022-08-29 18:45:00+02:00	7496.0
2022-08-29 19:00:00+02:00	7419.0
2022-08-29 19:15:00+02:00	7388.0
2022-08-29 19:30:00+02:00	7372.0
2022-08-29 19:45:00+02:00	7327.0
2022-08-29 20:00:00+02:00	7356.0
2022-08-29 20:15:00+02:00	7287.0
2022-08-29 20:30:00+02:00	7149.0
2022-08-29 20:45:00+02:00	7073.0
2022-08-29 21:00:00+02:00	6902.0
2022-08-29 21:15:00+02:00	6746.0
2022-08-29 21:30:00+02:00	6633.0
2022-08-29 21:45:00+02:00	6471.0
2022-08-29 22:00:00+02:00	6551.0
2022-08-29 22:15:00+02:00	6427.0
2022-08-29 22:30:00+02:00	6256.0
2022-08-29 22:45:00+02:00	6138.0
2022-08-29 23:00:00+02:00	6010.0
2022-08-29 23:15:00+02:00	5854.0
2022-08-29 23:30:00+02:00	5801.0
2022-08-29 23:45:00+02:00	5722.0
2022-08-30 00:00:00+02:00	5734.0
2022-08-30 00:15:00+02:00	5669.0
2022-08-30 00:30:00+02:00	5536.0
2022-08-30 00:45:00+02:00	5458.0
2022-08-30 01:00:00+02:00	5443.0
2022-08-30 01:15:00+02:00	5374.0
2022-08-30 01:30:00+02:00	5304.0
2022-08-30 01:45:00+02:00	5257.0
2022-08-30 02:00:00+02:00	5292.0
2022-08-30 02:15:00+02:00	5230.0
2022-08-30 02:30:00+02:00	5204.0
2022-08-30 02:45:00+02:00	5190.0
2022-08-30 03:00:00+02:00	5137.0
2022-08-30 03:15:00+02:00	5100.0
2022-08-30 03:30:00+02:00	5098.0
2022-08-30 03:45:00+02:00	5090.0
2022-08-30 04:00:00+02:00	5170.0
2022-08-30 04:15:00+02:00	5186.0
2022-08-30 04:30:00+02:00	5226.0
2022-08-30 04:45:00+02:00	5314.0
2022-08-30 05:00:00+02:00	5466.0
2022-08-30 05:15:00+02:00	5630.0
2022-08-30 05:30:00+02:00	5863.0
2022-08-30 05:45:00+02:00	6046.0
2022-08-30 06:00:00+02:00	6436.0
2022-08-30 06:15:00+02:00	6665.0
2022-08-30 06:30:00+02:00	6812.0
2022-08-30 06:45:00+02:00	6930.0
2022-08-30 07:00:00+02:00	7168.0
2022-08-30 07:15:00+02:00	7315.0
2022-08-30 07:30:00+02:00	7436.0
2022-08-30 07:45:00+02:00	7536.0
2022-08-30 08:00:00+02:00	7603.0
2022-08-30 08:15:00+02:00	7664.0
2022-08-30 08:30:00+02:00	7632.0
2022-08-30 08:45:00+02:00	7655.0
2022-08-30 09:00:00+02:00	7614.0
2022-08-30 09:15:00+02:00	7655.0
2022-08-30 09:30:00+02:00	7663.0
2022-08-30 09:45:00+02:00	7666.0
2022-08-30 10:00:00+02:00	7677.0
2022-08-30 10:15:00+02:00	7680.0
2022-08-30 10:30:00+02:00	7654.0
2022-08-30 10:45:00+02:00	7684.0
2022-08-30 11:00:00+02:00	7700.0
2022-08-30 11:15:00+02:00	7750.0
2022-08-30 11:30:00+02:00	7729.0
2022-08-30 11:45:00+02:00	7696.0
2022-08-30 12:00:00+02:00	7613.0
2022-08-30 12:15:00+02:00	7481.0
2022-08-30 12:30:00+02:00	7434.0
2022-08-30 12:45:00+02:00	7461.0
2022-08-30 13:00:00+02:00	7468.0
2022-08-30 13:15:00+02:00	7449.0
2022-08-30 13:30:00+02:00	7422.0
2022-08-30 13:45:00+02:00	7332.0
2022-08-30 14:00:00+02:00	7327.0
2022-08-30 14:15:00+02:00	7370.0
2022-08-30 14:30:00+02:00	7354.0
2022-08-30 14:45:00+02:00	7361.0
2022-08-30 15:00:00+02:00	7388.0
2022-08-30 15:15:00+02:00	7379.0
2022-08-30 15:30:00+02:00	7358.0
2022-08-30 15:45:00+02:00	7390.0
2022-08-30 16:00:00+02:00	7394.0
2022-08-30 16:15:00+02:00	7383.0
2022-08-30 16:30:00+02:00	7408.0
2022-08-30 16:45:00+02:00	7438.0
2022-08-30 17:00:00+02:00	7430.0
2022-08-30 17:15:00+02:00	7502.0
2022-08-30 17:30:00+02:00	7536.0
2022-08-30 17:45:00+02:00	7586.0
2022-08-30 18:00:00+02:00	7544.0
2022-08-30 18:15:00+02:00	7524.0
2022-08-30 18:30:00+02:00	7522.0
2022-08-30 18:45:00+02:00	7522.0
2022-08-30 19:00:00+02:00	7453.0
2022-08-30 19:15:00+02:00	7418.0
2022-08-30 19:30:00+02:00	7390.0
2022-08-30 19:45:00+02:00	7365.0
2022-08-30 20:00:00+02:00	7327.0
2022-08-30 20:15:00+02:00	7271.0
2022-08-30 20:30:00+02:00	7132.0
2022-08-30 20:45:00+02:00	6996.0
2022-08-30 21:00:00+02:00	6835.0
2022-08-30 21:15:00+02:00	6682.0
2022-08-30 21:30:00+02:00	6614.0
2022-08-30 21:45:00+02:00	6459.0
2022-08-30 22:00:00+02:00	6515.0
2022-08-30 22:15:00+02:00	6431.0
2022-08-30 22:30:00+02:00	6281.0
2022-08-30 22:45:00+02:00	6145.0
2022-08-30 23:00:00+02:00	6023.0
2022-08-30 23:15:00+02:00	5869.0
2022-08-30 23:30:00+02:00	5753.0
2022-08-30 23:45:00+02:00	5663.0
2022-08-31 00:00:00+02:00	5742.0
2022-08-31 00:15:00+02:00	5666.0
2022-08-31 00:30:00+02:00	5555.0
2022-08-31 00:45:00+02:00	5431.0
2022-08-31 01:00:00+02:00	5423.0
2022-08-31 01:15:00+02:00	5381.0
2022-08-31 01:30:00+02:00	5292.0
2022-08-31 01:45:00+02:00	5268.0
2022-08-31 02:00:00+02:00	5327.0
2022-08-31 02:15:00+02:00	5243.0
2022-08-31 02:30:00+02:00	5220.0
2022-08-31 02:45:00+02:00	5183.0
2022-08-31 03:00:00+02:00	5155.0
2022-08-31 03:15:00+02:00	5157.0
2022-08-31 03:30:00+02:00	5123.0
2022-08-31 03:45:00+02:00	5139.0
2022-08-31 04:00:00+02:00	5166.0
2022-08-31 04:15:00+02:00	5163.0
2022-08-31 04:30:00+02:00	5251.0
2022-08-31 04:45:00+02:00	5364.0
2022-08-31 05:00:00+02:00	5557.0
2022-08-31 05:15:00+02:00	5735.0
2022-08-31 05:30:00+02:00	5930.0
2022-08-31 05:45:00+02:00	6155.0
2022-08-31 06:00:00+02:00	6513.0
2022-08-31 06:15:00+02:00	6761.0
2022-08-31 06:30:00+02:00	6949.0
2022-08-31 06:45:00+02:00	7080.0
2022-08-31 07:00:00+02:00	7260.0
2022-08-31 07:15:00+02:00	7428.0
2022-08-31 07:30:00+02:00	7563.0
2022-08-31 07:45:00+02:00	7674.0
2022-08-31 08:00:00+02:00	7810.0
2022-08-31 08:15:00+02:00	7915.0
2022-08-31 08:30:00+02:00	7994.0
2022-08-31 08:45:00+02:00	8014.0
2022-08-31 09:00:00+02:00	8005.0
2022-08-31 09:15:00+02:00	8070.0
2022-08-31 09:30:00+02:00	8121.0
2022-08-31 09:45:00+02:00	8175.0
2022-08-31 10:00:00+02:00	8259.0
2022-08-31 10:15:00+02:00	8295.0
2022-08-31 10:30:00+02:00	8361.0
2022-08-31 10:45:00+02:00	8358.0
2022-08-31 11:00:00+02:00	8487.0
2022-08-31 11:15:00+02:00	8572.0
2022-08-31 11:30:00+02:00	8549.0
2022-08-31 11:45:00+02:00	8558.0
2022-08-31 12:00:00+02:00	8442.0
2022-08-31 12:15:00+02:00	8303.0
2022-08-31 12:30:00+02:00	8322.0
2022-08-31 12:45:00+02:00	8315.0
2022-08-31 13:00:00+02:00	8405.0
2022-08-31 13:15:00+02:00	8366.0
2022-08-31 13:30:00+02:00	8327.0
2022-08-31 13:45:00+02:00	8306.0
2022-08-31 14:00:00+02:00	8300.0
2022-08-31 14:15:00+02:00	8334.0
2022-08-31 14:30:00+02:00	8327.0
2022-08-31 14:45:00+02:00	8255.0
2022-08-31 15:00:00+02:00	8241.0
2022-08-31 15:15:00+02:00	8227.0
2022-08-31 15:30:00+02:00	8148.0
2022-08-31 15:45:00+02:00	8139.0
2022-08-31 16:00:00+02:00	8140.0
2022-08-31 16:15:00+02:00	8105.0
2022-08-31 16:30:00+02:00	8003.0
2022-08-31 16:45:00+02:00	7956.0
2022-08-31 17:00:00+02:00	7925.0
2022-08-31 17:15:00+02:00	7909.0
2022-08-31 17:30:00+02:00	7882.0
2022-08-31 17:45:00+02:00	7906.0
2022-08-31 18:00:00+02:00	7863.0
2022-08-31 18:15:00+02:00	7809.0
2022-08-31 18:30:00+02:00	7736.0
2022-08-31 18:45:00+02:00	7674.0
2022-08-31 19:00:00+02:00	7637.0
2022-08-31 19:15:00+02:00	7542.0
2022-08-31 19:30:00+02:00	7454.0
2022-08-31 19:45:00+02:00	7460.0
2022-08-31 20:00:00+02:00	7397.0
2022-08-31 20:15:00+02:00	7243.0
2022-08-31 20:30:00+02:00	7161.0
2022-08-31 20:45:00+02:00	6964.0
2022-08-31 21:00:00+02:00	6794.0
2022-08-31 21:15:00+02:00	6748.0
2022-08-31 21:30:00+02:00	6573.0
2022-08-31 21:45:00+02:00	6470.0
2022-08-31 22:00:00+02:00	6532.0
2022-08-31 22:15:00+02:00	6369.0
2022-08-31 22:30:00+02:00	6239.0
2022-08-31 22:45:00+02:00	6090.0
2022-08-31 23:00:00+02:00	5985.0
2022-08-31 23:15:00+02:00	5895.0
2022-08-31 23:30:00+02:00	5766.0
2022-08-31 23:45:00+02:00	5704.0
